student_id,school,sex,age,address_type,family_size,parent_status,mother_education,father_education,mother_job,father_job,school_choice_reason,guardian,travel_time,study_time,class_failures,school_support,family_support,extra_paid_classes,activities,nursery_school,higher_ed,internet_access,romantic_relationship,family_relationship,free_time,social,weekday_alcohol,weekend_alcohol,health,absences,grade_1,grade_2,final_grade
1,GP,F,18.0,Urban,1.0,Apart,4.0,4.0,at_home,teacher,course,mother,1.0,1.0,0.0,yes,no,no,no,yes,yes,no,no,4.0,3.0,4.0,1.0,1.0,3.0,6.0,5.0,6.0,6.0
2,GP,F,17.0,Urban,1.0,Living together,1.0,1.0,at_home,other,course,father,0.0,1.0,0.0,no,yes,no,no,no,yes,yes,no,5.0,3.0,3.0,1.0,1.0,3.0,4.0,5.0,5.0,6.0
3,GP,F,15.0,Urban,0.0,Living together,1.0,1.0,at_home,other,other,mother,0.0,1.0,3.0,yes,no,yes,no,yes,yes,yes,no,4.0,3.0,2.0,2.0,3.0,3.0,10.0,7.0,8.0,10.0
4,GP,F,15.0,Urban,1.0,Living together,4.0,2.0,health,services,home,mother,0.0,2.0,0.0,no,yes,yes,yes,yes,yes,yes,yes,3.0,2.0,2.0,1.0,1.0,5.0,2.0,15.0,14.0,15.0
5,GP,F,16.0,Urban,1.0,Living together,3.0,3.0,other,other,home,father,0.0,1.0,0.0,no,yes,yes,no,yes,yes,no,no,4.0,3.0,2.0,1.0,2.0,5.0,4.0,6.0,10.0,10.0
6,GP,M,16.0,Urban,0.0,Living together,4.0,3.0,services,other,reputation,mother,0.0,1.0,0.0,no,yes,yes,yes,yes,yes,yes,no,5.0,4.0,2.0,1.0,2.0,5.0,10.0,15.0,15.0,15.0
7,GP,M,16.0,Urban,0.0,Living together,2.0,2.0,other,other,home,mother,0.0,1.0,0.0,no,no,no,no,yes,yes,yes,no,4.0,4.0,4.0,1.0,1.0,3.0,0.0,12.0,12.0,11.0
8,GP,F,17.0,Urban,1.0,Apart,4.0,4.0,other,teacher,home,mother,1.0,1.0,0.0,yes,yes,no,no,yes,yes,no,no,4.0,1.0,4.0,1.0,1.0,1.0,6.0,6.0,5.0,6.0
9,GP,M,15.0,Urban,0.0,Apart,3.0,2.0,services,other,home,mother,0.0,1.0,0.0,no,yes,yes,no,yes,yes,yes,no,4.0,2.0,2.0,1.0,1.0,1.0,0.0,16.0,18.0,19.0
10,GP,M,15.0,Urban,1.0,Living together,3.0,4.0,other,other,home,mother,0.0,1.0,0.0,no,yes,yes,yes,yes,yes,yes,no,5.0,5.0,1.0,1.0,1.0,5.0,0.0,14.0,15.0,15.0
11,GP,F,15.0,Urban,1.0,Living together,4.0,4.0,teacher,health,reputation,mother,0.0,1.0,0.0,no,yes,yes,no,yes,yes,yes,no,3.0,3.0,3.0,1.0,2.0,2.0,0.0,10.0,8.0,9.0
12,GP,F,15.0,Urban,1.0,Living together,2.0,1.0,services,other,reputation,father,2.0,2.0,0.0,no,yes,no,yes,yes,yes,yes,no,5.0,2.0,2.0,1.0,1.0,4.0,4.0,10.0,12.0,12.0
13,GP,M,15.0,Urban,0.0,Living together,4.0,4.0,health,services,course,father,0.0,0.0,0.0,no,yes,yes,yes,yes,yes,yes,no,4.0,3.0,3.0,1.0,3.0,5.0,2.0,14.0,14.0,14.0
14,GP,M,15.0,Urban,1.0,Living together,4.0,3.0,teacher,other,course,mother,1.0,1.0,0.0,no,yes,yes,no,yes,yes,yes,no,5.0,4.0,3.0,1.0,2.0,3.0,2.0,10.0,10.0,11.0
15,GP,M,15.0,Urban,1.0,Apart,2.0,2.0,other,other,home,other,0.0,2.0,0.0,no,yes,no,no,yes,yes,yes,yes,4.0,5.0,2.0,1.0,1.0,3.0,0.0,14.0,16.0,16.0
16,GP,F,16.0,Urban,1.0,Living together,4.0,4.0,health,other,home,mother,0.0,0.0,0.0,no,yes,no,no,yes,yes,yes,no,4.0,4.0,4.0,1.0,2.0,2.0,4.0,14.0,14.0,14.0
17,GP,F,16.0,Urban,1.0,Living together,4.0,4.0,services,services,reputation,mother,0.0,2.0,0.0,no,yes,yes,yes,yes,yes,yes,no,3.0,2.0,3.0,1.0,2.0,2.0,6.0,13.0,14.0,14.0
18,GP,F,16.0,Urban,1.0,Living together,3.0,3.0,other,other,reputation,mother,2.0,1.0,0.0,yes,yes,no,yes,yes,yes,no,no,5.0,3.0,2.0,1.0,1.0,4.0,4.0,8.0,10.0,10.0
19,GP,M,17.0,Urban,1.0,Living together,3.0,2.0,services,services,course,mother,0.0,0.0,3.0,no,yes,no,yes,yes,yes,yes,no,5.0,5.0,5.0,2.0,4.0,5.0,16.0,6.0,5.0,5.0
20,GP,M,16.0,Urban,0.0,Living together,4.0,3.0,health,other,home,father,0.0,0.0,0.0,no,no,yes,yes,yes,yes,yes,no,3.0,1.0,3.0,1.0,3.0,5.0,4.0,8.0,10.0,10.0
21,GP,M,15.0,Urban,1.0,Living together,4.0,3.0,teacher,other,reputation,mother,0.0,1.0,0.0,no,no,no,no,yes,yes,yes,no,4.0,4.0,1.0,1.0,1.0,1.0,0.0,13.0,14.0,15.0
22,GP,M,15.0,Urban,1.0,Living together,4.0,4.0,health,health,other,father,0.0,0.0,0.0,no,yes,yes,no,yes,yes,yes,no,5.0,4.0,2.0,1.0,1.0,5.0,0.0,12.0,15.0,15.0
23,GP,M,16.0,Urban,0.0,Living together,4.0,2.0,teacher,other,course,mother,0.0,1.0,0.0,no,no,no,yes,yes,yes,yes,no,4.0,5.0,1.0,1.0,3.0,5.0,2.0,15.0,15.0,16.0
24,GP,M,16.0,Urban,0.0,Living together,2.0,2.0,other,other,reputation,mother,1.0,1.0,0.0,no,yes,no,yes,yes,yes,yes,no,5.0,4.0,4.0,2.0,4.0,5.0,0.0,13.0,13.0,12.0
25,GP,F,15.0,Rural,1.0,Living together,2.0,4.0,services,health,course,mother,0.0,2.0,0.0,yes,yes,yes,yes,yes,yes,yes,no,4.0,3.0,2.0,1.0,1.0,5.0,2.0,10.0,9.0,8.0
26,GP,F,16.0,Urban,1.0,Living together,2.0,2.0,services,services,home,mother,0.0,0.0,2.0,no,yes,yes,no,no,yes,yes,no,1.0,2.0,2.0,1.0,3.0,5.0,14.0,6.0,9.0,8.0
27,GP,M,15.0,Urban,1.0,Living together,2.0,2.0,other,other,home,mother,0.0,0.0,0.0,no,yes,yes,no,yes,yes,yes,no,4.0,2.0,2.0,1.0,2.0,5.0,2.0,12.0,12.0,11.0
28,GP,M,15.0,Urban,1.0,Living together,4.0,2.0,health,services,other,mother,0.0,0.0,0.0,no,no,yes,no,yes,yes,yes,no,2.0,2.0,4.0,2.0,4.0,1.0,4.0,15.0,16.0,15.0
29,GP,M,16.0,Urban,0.0,Apart,3.0,4.0,services,other,home,mother,0.0,1.0,0.0,yes,yes,no,yes,yes,yes,yes,no,5.0,3.0,3.0,1.0,1.0,5.0,4.0,11.0,11.0,11.0
30,GP,M,16.0,Urban,1.0,Living together,4.0,4.0,teacher,teacher,home,mother,0.0,1.0,0.0,no,yes,yes,yes,yes,yes,yes,yes,4.0,4.0,5.0,5.0,5.0,5.0,16.0,10.0,12.0,11.0
31,GP,M,15.0,Urban,1.0,Living together,4.0,4.0,health,services,home,mother,0.0,1.0,0.0,no,yes,yes,no,no,yes,yes,no,5.0,4.0,2.0,3.0,4.0,5.0,0.0,9.0,11.0,12.0
32,GP,M,15.0,Urban,1.0,Living together,4.0,4.0,services,services,reputation,mother,1.0,1.0,0.0,no,yes,no,yes,yes,yes,yes,no,4.0,3.0,1.0,1.0,1.0,5.0,0.0,17.0,16.0,17.0
33,GP,M,15.0,Rural,1.0,Living together,4.0,3.0,teacher,at_home,course,mother,0.0,1.0,0.0,no,yes,no,yes,yes,yes,yes,yes,4.0,5.0,2.0,1.0,1.0,5.0,0.0,17.0,16.0,16.0
34,GP,M,15.0,Urban,0.0,Living together,3.0,3.0,other,other,course,mother,0.0,1.0,0.0,no,no,no,yes,no,yes,yes,no,5.0,3.0,2.0,1.0,1.0,2.0,0.0,8.0,10.0,12.0
35,GP,M,16.0,Urban,1.0,Living together,3.0,2.0,other,other,home,mother,0.0,0.0,0.0,no,yes,yes,no,no,yes,yes,no,5.0,4.0,3.0,1.0,1.0,5.0,0.0,12.0,14.0,15.0
36,GP,F,15.0,Urban,1.0,Living together,2.0,3.0,other,other,other,father,1.0,0.0,0.0,no,yes,no,yes,yes,yes,no,no,3.0,5.0,1.0,1.0,1.0,5.0,0.0,8.0,7.0,6.0
37,GP,M,15.0,Urban,0.0,Living together,4.0,3.0,teacher,services,home,mother,0.0,2.0,0.0,no,yes,no,yes,yes,yes,yes,no,5.0,4.0,3.0,1.0,1.0,4.0,2.0,15.0,16.0,18.0
38,GP,M,16.0,Rural,1.0,Apart,4.0,4.0,other,teacher,reputation,mother,1.0,2.0,0.0,no,yes,no,yes,yes,yes,yes,yes,2.0,4.0,3.0,1.0,1.0,5.0,7.0,15.0,16.0,15.0
39,GP,F,15.0,Rural,1.0,Living together,3.0,4.0,services,health,course,mother,0.0,2.0,0.0,yes,yes,yes,yes,yes,yes,yes,no,4.0,3.0,2.0,1.0,1.0,5.0,2.0,12.0,12.0,11.0
40,GP,F,15.0,Rural,1.0,Living together,2.0,2.0,at_home,other,reputation,mother,0.0,0.0,0.0,yes,yes,yes,yes,yes,yes,no,no,4.0,3.0,1.0,1.0,1.0,2.0,8.0,14.0,13.0,13.0
41,GP,F,16.0,Urban,0.0,Living together,2.0,2.0,other,other,home,mother,1.0,1.0,1.0,no,yes,no,yes,no,yes,yes,yes,3.0,3.0,3.0,1.0,2.0,3.0,25.0,7.0,10.0,11.0
42,GP,M,15.0,Urban,0.0,Living together,4.0,4.0,teacher,other,home,other,0.0,0.0,0.0,no,yes,no,no,no,yes,yes,yes,5.0,4.0,3.0,2.0,4.0,5.0,8.0,12.0,12.0,12.0
43,GP,M,15.0,Urban,1.0,Living together,4.0,4.0,services,teacher,course,father,0.0,1.0,0.0,no,yes,no,yes,yes,yes,yes,no,4.0,3.0,3.0,1.0,1.0,5.0,2.0,19.0,18.0,18.0
44,GP,M,15.0,Urban,1.0,Living together,2.0,2.0,services,services,course,father,0.0,0.0,0.0,yes,yes,no,no,yes,yes,yes,no,5.0,4.0,1.0,1.0,1.0,1.0,0.0,8.0,8.0,11.0
45,GP,F,16.0,Urban,0.0,Living together,2.0,2.0,other,at_home,course,father,1.0,1.0,1.0,yes,no,no,yes,yes,yes,yes,no,4.0,3.0,3.0,2.0,2.0,5.0,14.0,10.0,10.0,9.0
46,GP,F,15.0,Urban,0.0,Apart,4.0,3.0,other,other,course,mother,0.0,1.0,0.0,yes,yes,yes,yes,yes,yes,yes,yes,5.0,2.0,2.0,1.0,1.0,5.0,8.0,8.0,8.0,6.0
47,GP,F,16.0,Urban,0.0,Apart,3.0,3.0,other,services,home,mother,0.0,1.0,0.0,no,yes,no,no,yes,yes,yes,no,2.0,3.0,5.0,1.0,4.0,3.0,12.0,11.0,12.0,11.0
48,GP,M,16.0,Urban,1.0,Living together,4.0,3.0,health,services,reputation,mother,0.0,3.0,0.0,no,no,no,yes,yes,yes,yes,no,4.0,2.0,2.0,1.0,1.0,2.0,4.0,19.0,19.0,20.0
49,GP,M,15.0,Urban,1.0,Living together,4.0,2.0,teacher,other,home,mother,0.0,1.0,0.0,no,yes,yes,no,yes,yes,no,no,4.0,3.0,3.0,2.0,2.0,5.0,2.0,15.0,15.0,14.0
50,GP,F,15.0,Urban,1.0,Living together,4.0,4.0,services,teacher,other,father,0.0,1.0,1.0,yes,yes,no,yes,no,yes,yes,no,4.0,4.0,4.0,1.0,1.0,3.0,2.0,7.0,7.0,7.0
51,GP,F,16.0,Urban,0.0,Living together,2.0,2.0,services,services,course,mother,2.0,1.0,0.0,no,yes,yes,no,yes,yes,yes,no,4.0,3.0,3.0,2.0,3.0,4.0,2.0,12.0,13.0,13.0
52,GP,F,15.0,Urban,0.0,Living together,4.0,2.0,health,other,other,mother,0.0,1.0,0.0,no,yes,yes,no,yes,yes,yes,no,4.0,3.0,3.0,1.0,1.0,5.0,2.0,11.0,13.0,13.0
53,GP,M,15.0,Urban,0.0,Apart,4.0,2.0,health,health,other,father,1.0,0.0,1.0,no,no,no,no,yes,yes,no,no,5.0,5.0,5.0,3.0,4.0,5.0,6.0,11.0,11.0,10.0
54,GP,F,15.0,Urban,1.0,Living together,4.0,4.0,services,services,course,mother,0.0,0.0,0.0,yes,yes,yes,no,yes,yes,yes,no,3.0,3.0,4.0,2.0,3.0,5.0,0.0,8.0,10.0,11.0
55,GP,F,15.0,Urban,0.0,Apart,3.0,3.0,other,other,other,mother,0.0,0.0,0.0,no,no,yes,no,yes,yes,yes,no,5.0,3.0,4.0,4.0,4.0,1.0,6.0,10.0,13.0,13.0
56,GP,F,16.0,Urban,1.0,Apart,2.0,1.0,other,other,other,mother,0.0,1.0,0.0,no,no,yes,yes,yes,yes,yes,yes,5.0,3.0,4.0,1.0,1.0,2.0,8.0,8.0,9.0,10.0
57,GP,F,15.0,Urban,1.0,Apart,4.0,3.0,services,services,reputation,mother,0.0,1.0,0.0,no,yes,yes,yes,yes,yes,yes,no,4.0,3.0,2.0,1.0,1.0,1.0,0.0,14.0,15.0,15.0
58,GP,M,15.0,Urban,1.0,Living together,4.0,4.0,teacher,health,reputation,mother,0.0,1.0,0.0,no,yes,no,yes,yes,yes,no,no,3.0,2.0,2.0,1.0,1.0,5.0,4.0,14.0,15.0,15.0
59,GP,M,15.0,Urban,0.0,Living together,1.0,2.0,other,at_home,home,father,0.0,1.0,0.0,yes,yes,no,yes,yes,yes,yes,no,4.0,3.0,2.0,1.0,1.0,5.0,2.0,9.0,10.0,9.0
60,GP,F,16.0,Urban,1.0,Living together,4.0,2.0,services,other,course,mother,0.0,1.0,0.0,no,yes,no,no,yes,yes,yes,no,4.0,2.0,3.0,1.0,1.0,5.0,2.0,15.0,16.0,16.0
61,GP,F,16.0,Rural,1.0,Living together,4.0,4.0,health,teacher,other,mother,0.0,1.0,0.0,no,yes,no,yes,yes,yes,no,no,2.0,4.0,4.0,2.0,3.0,4.0,6.0,10.0,11.0,11.0
62,GP,F,16.0,Urban,1.0,Living together,1.0,1.0,services,services,course,father,3.0,0.0,0.0,yes,yes,no,yes,no,yes,yes,yes,5.0,5.0,5.0,5.0,5.0,5.0,6.0,10.0,8.0,11.0
63,GP,F,16.0,Urban,0.0,Living together,1.0,2.0,other,services,reputation,father,0.0,1.0,0.0,yes,no,no,yes,yes,yes,yes,no,4.0,4.0,3.0,1.0,1.0,1.0,4.0,8.0,10.0,9.0
64,GP,F,16.0,Urban,1.0,Living together,4.0,3.0,teacher,health,home,mother,0.0,2.0,0.0,yes,yes,yes,yes,yes,yes,yes,no,3.0,4.0,4.0,2.0,4.0,4.0,2.0,10.0,9.0,9.0
65,GP,F,15.0,Urban,0.0,Living together,4.0,3.0,services,services,reputation,father,0.0,1.0,0.0,yes,no,no,yes,yes,yes,yes,yes,4.0,4.0,4.0,2.0,4.0,2.0,0.0,10.0,10.0,10.0
66,GP,F,16.0,Urban,0.0,Living together,4.0,3.0,teacher,services,course,mother,2.0,1.0,0.0,no,yes,no,yes,yes,yes,yes,no,5.0,4.0,3.0,1.0,2.0,1.0,2.0,16.0,15.0,15.0
67,GP,M,15.0,Urban,1.0,Apart,4.0,4.0,other,services,reputation,mother,0.0,3.0,0.0,no,yes,no,yes,no,yes,yes,yes,1.0,3.0,3.0,5.0,5.0,3.0,4.0,13.0,13.0,12.0
68,GP,F,16.0,Urban,1.0,Living together,3.0,1.0,services,other,course,mother,0.0,3.0,0.0,yes,yes,yes,no,yes,yes,yes,no,4.0,3.0,3.0,1.0,2.0,5.0,4.0,7.0,7.0,6.0
69,GP,F,15.0,Rural,0.0,Living together,2.0,2.0,health,services,reputation,mother,1.0,1.0,0.0,yes,yes,yes,no,yes,yes,yes,no,4.0,1.0,3.0,1.0,3.0,4.0,2.0,8.0,9.0,8.0
70,GP,F,15.0,Rural,0.0,Living together,3.0,1.0,other,other,reputation,father,1.0,3.0,0.0,no,yes,no,no,no,yes,yes,no,4.0,4.0,2.0,2.0,3.0,3.0,12.0,16.0,16.0,16.0
71,GP,M,16.0,Urban,1.0,Living together,3.0,1.0,other,other,reputation,father,1.0,3.0,0.0,no,yes,yes,no,yes,yes,yes,no,4.0,3.0,2.0,1.0,1.0,5.0,0.0,13.0,15.0,15.0
72,GP,M,15.0,Urban,1.0,Living together,4.0,2.0,other,other,course,mother,0.0,3.0,0.0,no,no,no,no,yes,yes,yes,no,3.0,3.0,3.0,1.0,1.0,3.0,0.0,10.0,10.0,10.0
73,GP,F,15.0,Rural,1.0,Living together,1.0,1.0,other,other,reputation,mother,0.0,1.0,2.0,yes,yes,no,no,no,yes,yes,yes,3.0,3.0,4.0,2.0,4.0,5.0,2.0,8.0,6.0,5.0
74,GP,M,16.0,Urban,1.0,Living together,3.0,1.0,other,other,reputation,mother,0.0,0.0,0.0,no,no,no,yes,yes,yes,no,no,5.0,3.0,2.0,2.0,2.0,5.0,2.0,12.0,12.0,14.0
75,GP,F,16.0,Urban,1.0,Living together,3.0,3.0,other,services,home,mother,0.0,1.0,0.0,yes,yes,yes,yes,yes,yes,yes,no,4.0,3.0,3.0,2.0,4.0,5.0,54.0,11.0,12.0,11.0
76,GP,M,15.0,Urban,1.0,Living together,4.0,3.0,teacher,other,home,mother,0.0,1.0,0.0,no,yes,yes,yes,yes,yes,yes,no,4.0,3.0,3.0,2.0,3.0,5.0,6.0,9.0,9.0,10.0
77,GP,M,15.0,Urban,1.0,Living together,4.0,0.0,teacher,other,course,mother,1.0,3.0,0.0,no,no,no,yes,yes,yes,yes,no,3.0,4.0,3.0,1.0,1.0,1.0,8.0,11.0,11.0,10.0
78,GP,F,16.0,Urban,1.0,Living together,2.0,2.0,other,other,reputation,mother,0.0,3.0,0.0,no,no,yes,no,yes,yes,yes,yes,5.0,2.0,3.0,1.0,3.0,3.0,0.0,11.0,11.0,11.0
79,GP,M,17.0,Urban,1.0,Living together,2.0,1.0,other,other,home,mother,1.0,0.0,3.0,yes,yes,no,yes,yes,no,yes,no,4.0,5.0,1.0,1.0,1.0,3.0,2.0,8.0,8.0,10.0
80,GP,F,16.0,Urban,1.0,Living together,3.0,4.0,at_home,other,course,mother,0.0,1.0,0.0,no,yes,no,no,yes,yes,yes,no,2.0,4.0,3.0,1.0,2.0,3.0,12.0,5.0,5.0,5.0
81,GP,M,15.0,Urban,1.0,Living together,2.0,3.0,other,services,course,father,0.0,0.0,0.0,yes,yes,yes,yes,no,yes,yes,yes,3.0,2.0,2.0,1.0,3.0,3.0,2.0,10.0,12.0,12.0
82,GP,M,15.0,Urban,1.0,Living together,2.0,3.0,other,other,home,mother,0.0,2.0,0.0,yes,no,yes,no,no,yes,yes,no,5.0,3.0,2.0,1.0,2.0,5.0,4.0,11.0,10.0,11.0
83,GP,F,15.0,Urban,0.0,Living together,3.0,2.0,services,other,reputation,mother,0.0,1.0,0.0,no,yes,yes,no,yes,yes,yes,no,4.0,4.0,4.0,1.0,1.0,5.0,10.0,7.0,6.0,6.0
84,GP,M,15.0,Urban,0.0,Living together,2.0,2.0,services,services,home,mother,1.0,1.0,0.0,no,no,yes,yes,yes,yes,yes,no,5.0,3.0,3.0,1.0,3.0,4.0,4.0,15.0,15.0,15.0
85,GP,F,15.0,Urban,1.0,Living together,1.0,1.0,other,other,home,father,0.0,1.0,0.0,no,yes,no,yes,no,yes,yes,no,4.0,3.0,2.0,2.0,3.0,4.0,2.0,9.0,10.0,10.0
86,GP,F,15.0,Urban,1.0,Living together,4.0,4.0,services,services,reputation,father,1.0,1.0,2.0,no,no,yes,no,yes,yes,yes,yes,4.0,4.0,4.0,2.0,3.0,5.0,6.0,7.0,9.0,8.0
87,GP,F,16.0,Urban,0.0,Living together,2.0,2.0,at_home,other,course,mother,0.0,1.0,0.0,no,yes,no,no,yes,yes,no,no,4.0,3.0,4.0,1.0,2.0,2.0,4.0,8.0,7.0,6.0
88,GP,F,15.0,Urban,1.0,Living together,4.0,2.0,other,other,reputation,mother,0.0,2.0,0.0,no,yes,no,yes,yes,yes,yes,no,5.0,3.0,3.0,1.0,3.0,1.0,4.0,13.0,14.0,14.0
89,GP,M,16.0,Urban,1.0,Living together,2.0,2.0,services,other,reputation,father,1.0,1.0,1.0,no,no,yes,yes,no,yes,yes,no,4.0,4.0,2.0,1.0,1.0,3.0,12.0,11.0,10.0,10.0
90,GP,M,16.0,Urban,0.0,Apart,4.0,4.0,teacher,health,reputation,mother,0.0,1.0,0.0,no,yes,no,no,yes,yes,no,no,4.0,1.0,3.0,3.0,5.0,5.0,18.0,8.0,6.0,7.0
91,GP,F,16.0,Urban,1.0,Living together,3.0,3.0,other,other,home,mother,0.0,2.0,0.0,no,yes,yes,no,yes,yes,yes,yes,4.0,3.0,3.0,1.0,3.0,4.0,0.0,7.0,7.0,8.0
92,GP,F,15.0,Urban,1.0,Living together,4.0,3.0,services,other,reputation,mother,0.0,0.0,0.0,no,no,yes,yes,yes,yes,yes,no,4.0,5.0,5.0,1.0,3.0,1.0,4.0,16.0,17.0,18.0
93,GP,F,16.0,Urban,0.0,Living together,3.0,1.0,other,other,home,father,0.0,1.0,0.0,yes,yes,no,no,yes,yes,no,no,3.0,3.0,3.0,2.0,3.0,2.0,4.0,7.0,6.0,6.0
94,GP,F,16.0,Urban,1.0,Living together,4.0,2.0,teacher,services,home,mother,1.0,1.0,0.0,no,yes,yes,yes,yes,yes,yes,no,5.0,3.0,3.0,1.0,1.0,1.0,0.0,11.0,10.0,10.0
95,GP,M,15.0,Urban,0.0,Living together,2.0,2.0,services,health,reputation,mother,0.0,3.0,0.0,no,yes,no,yes,yes,yes,yes,no,4.0,3.0,4.0,1.0,1.0,4.0,6.0,11.0,13.0,14.0
96,GP,F,15.0,Rural,1.0,Living together,1.0,1.0,at_home,other,home,mother,1.0,3.0,1.0,yes,yes,yes,yes,yes,yes,yes,no,3.0,1.0,2.0,1.0,1.0,1.0,2.0,7.0,10.0,10.0
97,GP,M,16.0,Rural,1.0,Living together,4.0,3.0,services,other,reputation,mother,1.0,0.0,0.0,yes,yes,no,yes,no,yes,yes,no,3.0,3.0,3.0,1.0,1.0,4.0,2.0,11.0,15.0,15.0
98,GP,F,16.0,Urban,1.0,Living together,2.0,1.0,other,other,course,mother,0.0,1.0,0.0,no,yes,yes,no,yes,yes,no,yes,4.0,3.0,5.0,1.0,1.0,5.0,2.0,8.0,9.0,10.0
99,GP,F,16.0,Urban,1.0,Living together,4.0,4.0,other,other,reputation,mother,0.0,0.0,0.0,no,no,no,yes,no,yes,yes,no,5.0,3.0,4.0,1.0,2.0,1.0,6.0,11.0,14.0,14.0
100,GP,F,16.0,Urban,1.0,Living together,4.0,3.0,other,at_home,course,mother,0.0,2.0,0.0,yes,yes,yes,no,yes,yes,yes,no,5.0,3.0,5.0,1.0,1.0,3.0,0.0,7.0,9.0,8.0
101,GP,M,16.0,Urban,1.0,Living together,4.0,4.0,services,services,other,mother,0.0,0.0,0.0,yes,yes,yes,yes,yes,yes,yes,no,4.0,5.0,5.0,5.0,5.0,4.0,14.0,7.0,7.0,5.0
102,GP,M,16.0,Urban,1.0,Living together,4.0,4.0,services,teacher,other,father,0.0,2.0,0.0,no,yes,no,yes,yes,yes,yes,yes,4.0,4.0,3.0,1.0,1.0,4.0,0.0,16.0,17.0,17.0
103,GP,M,15.0,Urban,1.0,Living together,4.0,4.0,services,other,course,mother,0.0,0.0,0.0,no,yes,no,yes,no,yes,yes,no,5.0,3.0,3.0,1.0,1.0,5.0,4.0,10.0,13.0,14.0
104,GP,F,15.0,Urban,1.0,Living together,3.0,2.0,services,other,home,mother,1.0,1.0,0.0,yes,yes,yes,no,yes,yes,yes,no,4.0,3.0,5.0,1.0,1.0,2.0,26.0,7.0,6.0,6.0
105,GP,M,15.0,Urban,1.0,Apart,3.0,4.0,services,other,course,mother,0.0,1.0,0.0,no,yes,yes,yes,yes,yes,yes,no,5.0,4.0,4.0,1.0,1.0,1.0,0.0,16.0,18.0,18.0
106,GP,F,15.0,Urban,1.0,Apart,3.0,3.0,other,health,reputation,father,0.0,3.0,0.0,yes,no,no,no,yes,yes,no,no,4.0,3.0,3.0,1.0,1.0,4.0,10.0,10.0,11.0,11.0
107,GP,F,15.0,Urban,1.0,Living together,2.0,2.0,other,other,course,mother,0.0,3.0,0.0,yes,yes,yes,no,yes,yes,yes,no,5.0,1.0,2.0,1.0,1.0,3.0,8.0,7.0,8.0,8.0
108,GP,M,16.0,Urban,1.0,Living together,3.0,3.0,services,other,home,father,0.0,2.0,0.0,no,yes,no,yes,yes,yes,yes,no,5.0,3.0,3.0,1.0,1.0,5.0,2.0,16.0,18.0,18.0
109,GP,M,15.0,Rural,1.0,Living together,4.0,4.0,other,other,home,father,3.0,3.0,0.0,no,yes,yes,yes,yes,yes,yes,yes,1.0,3.0,5.0,3.0,5.0,1.0,6.0,10.0,13.0,13.0
110,GP,F,16.0,Urban,0.0,Living together,4.0,4.0,health,health,other,mother,0.0,2.0,0.0,no,yes,yes,yes,yes,yes,yes,yes,5.0,4.0,5.0,1.0,1.0,4.0,4.0,14.0,15.0,16.0
111,GP,M,15.0,Urban,0.0,Apart,4.0,4.0,teacher,teacher,course,mother,0.0,0.0,0.0,no,no,no,yes,yes,yes,yes,no,5.0,5.0,3.0,1.0,1.0,4.0,6.0,18.0,19.0,19.0
112,GP,F,16.0,Rural,1.0,Living together,3.0,3.0,services,other,reputation,father,0.0,2.0,1.0,yes,yes,no,yes,yes,yes,yes,no,4.0,1.0,2.0,1.0,1.0,2.0,0.0,7.0,10.0,10.0
113,GP,F,16.0,Urban,1.0,Living together,2.0,2.0,at_home,other,home,mother,0.0,1.0,1.0,yes,no,no,yes,yes,yes,yes,no,3.0,1.0,2.0,1.0,1.0,5.0,6.0,10.0,13.0,13.0
114,GP,M,15.0,Urban,0.0,Living together,4.0,2.0,teacher,other,course,mother,0.0,0.0,0.0,no,no,no,no,yes,yes,yes,no,3.0,5.0,2.0,1.0,1.0,3.0,10.0,18.0,19.0,19.0
115,GP,M,15.0,Rural,1.0,Living together,2.0,1.0,health,services,reputation,mother,0.0,1.0,0.0,no,no,no,yes,yes,yes,yes,yes,5.0,4.0,2.0,1.0,1.0,5.0,8.0,9.0,9.0,9.0
116,GP,M,16.0,Urban,1.0,Living together,4.0,4.0,teacher,teacher,course,father,0.0,1.0,0.0,no,yes,no,yes,yes,yes,yes,no,5.0,4.0,4.0,1.0,2.0,5.0,2.0,15.0,15.0,16.0
117,GP,M,15.0,Urban,1.0,Living together,4.0,4.0,other,teacher,reputation,father,1.0,1.0,0.0,no,yes,no,yes,yes,yes,no,no,4.0,4.0,3.0,1.0,1.0,2.0,2.0,11.0,13.0,14.0
118,GP,M,16.0,Urban,1.0,Living together,3.0,3.0,other,services,home,father,1.0,0.0,0.0,no,no,no,yes,yes,yes,yes,no,5.0,4.0,2.0,1.0,1.0,5.0,0.0,13.0,14.0,13.0
119,GP,M,17.0,Rural,1.0,Living together,1.0,3.0,other,other,course,father,2.0,1.0,1.0,no,yes,no,yes,yes,yes,yes,no,5.0,2.0,4.0,1.0,4.0,5.0,20.0,9.0,7.0,8.0
120,GP,M,15.0,Urban,1.0,Living together,3.0,4.0,other,other,reputation,father,0.0,0.0,0.0,no,no,no,no,yes,yes,yes,no,3.0,4.0,3.0,1.0,2.0,4.0,6.0,14.0,13.0,13.0
121,GP,F,15.0,Urban,1.0,Living together,1.0,2.0,at_home,services,course,mother,0.0,1.0,0.0,no,no,no,no,no,yes,yes,no,3.0,2.0,3.0,1.0,2.0,1.0,2.0,16.0,15.0,15.0
122,GP,M,15.0,Urban,1.0,Living together,2.0,2.0,services,services,home,father,0.0,3.0,0.0,no,yes,yes,yes,yes,yes,yes,no,5.0,5.0,4.0,1.0,2.0,5.0,6.0,16.0,14.0,15.0
123,GP,F,16.0,Urban,0.0,Living together,2.0,4.0,other,health,course,father,1.0,1.0,0.0,no,yes,yes,yes,yes,yes,yes,yes,4.0,2.0,2.0,1.0,2.0,5.0,2.0,13.0,13.0,13.0
124,GP,M,16.0,Urban,1.0,Living together,4.0,4.0,health,other,course,mother,0.0,0.0,0.0,no,yes,no,yes,yes,yes,yes,no,3.0,4.0,4.0,1.0,4.0,5.0,18.0,14.0,11.0,13.0
125,GP,F,16.0,Urban,1.0,Living together,2.0,2.0,other,other,home,mother,0.0,1.0,0.0,no,no,yes,no,yes,yes,yes,yes,5.0,4.0,4.0,1.0,1.0,5.0,0.0,8.0,7.0,8.0
126,GP,M,15.0,Urban,1.0,Living together,3.0,4.0,services,services,home,father,0.0,0.0,0.0,yes,no,no,no,yes,yes,yes,no,5.0,5.0,5.0,3.0,2.0,5.0,0.0,13.0,13.0,12.0
127,GP,F,15.0,Urban,0.0,Apart,3.0,4.0,other,other,home,mother,0.0,1.0,0.0,yes,no,no,yes,yes,yes,yes,yes,5.0,3.0,2.0,1.0,1.0,1.0,0.0,7.0,10.0,11.0
128,GP,F,19.0,Urban,1.0,Living together,0.0,1.0,at_home,other,course,other,0.0,1.0,3.0,no,yes,no,no,no,no,no,no,3.0,4.0,2.0,1.0,1.0,5.0,2.0,7.0,8.0,9.0
129,GP,M,18.0,Rural,1.0,Living together,2.0,2.0,services,other,reputation,mother,0.0,0.0,2.0,no,yes,no,yes,yes,yes,yes,no,3.0,3.0,3.0,1.0,2.0,4.0,0.0,7.0,4.0,0.0
130,GP,M,16.0,Rural,1.0,Living together,4.0,4.0,teacher,teacher,course,mother,0.0,0.0,0.0,no,no,yes,yes,yes,yes,yes,no,3.0,5.0,5.0,2.0,5.0,4.0,8.0,18.0,18.0,18.0
131,GP,F,15.0,Rural,1.0,Living together,3.0,4.0,services,teacher,course,father,1.0,2.0,2.0,no,yes,no,no,yes,yes,yes,yes,4.0,2.0,2.0,2.0,2.0,5.0,0.0,12.0,0.0,0.0
132,GP,F,15.0,Urban,1.0,Living together,1.0,1.0,at_home,other,course,mother,2.0,0.0,0.0,no,yes,no,yes,no,yes,yes,yes,4.0,3.0,3.0,1.0,2.0,4.0,0.0,8.0,0.0,0.0
133,GP,F,17.0,Urban,0.0,Living together,2.0,2.0,other,other,course,father,0.0,0.0,0.0,no,yes,no,no,yes,yes,yes,yes,3.0,4.0,4.0,1.0,3.0,5.0,12.0,10.0,13.0,12.0
134,GP,F,16.0,Urban,1.0,Apart,3.0,4.0,services,other,course,father,0.0,0.0,0.0,no,no,no,no,yes,yes,yes,no,3.0,2.0,1.0,1.0,4.0,5.0,16.0,12.0,11.0,11.0
135,GP,M,15.0,Rural,1.0,Living together,3.0,4.0,at_home,teacher,course,mother,3.0,1.0,0.0,no,yes,no,no,yes,yes,no,yes,5.0,3.0,3.0,1.0,1.0,5.0,0.0,9.0,0.0,0.0
136,GP,F,15.0,Urban,1.0,Living together,4.0,4.0,services,at_home,course,mother,0.0,2.0,0.0,no,yes,no,yes,yes,yes,yes,yes,4.0,3.0,3.0,1.0,1.0,5.0,0.0,11.0,0.0,0.0
137,GP,M,17.0,Rural,1.0,Living together,3.0,4.0,at_home,other,course,mother,2.0,1.0,0.0,no,no,no,no,yes,yes,no,no,5.0,4.0,5.0,2.0,4.0,5.0,0.0,10.0,0.0,0.0
138,GP,F,16.0,Urban,1.0,Apart,3.0,3.0,other,other,course,other,1.0,0.0,2.0,no,yes,no,yes,no,yes,yes,yes,4.0,3.0,2.0,1.0,1.0,5.0,0.0,4.0,0.0,0.0
139,GP,M,16.0,Urban,0.0,Living together,1.0,1.0,services,other,course,mother,0.0,1.0,1.0,no,no,no,no,yes,yes,no,yes,4.0,4.0,4.0,1.0,3.0,5.0,0.0,14.0,12.0,12.0
140,GP,F,15.0,Urban,1.0,Living together,4.0,4.0,teacher,teacher,course,mother,1.0,0.0,0.0,no,no,no,yes,yes,yes,yes,no,4.0,3.0,2.0,1.0,1.0,5.0,0.0,16.0,16.0,15.0
141,GP,M,15.0,Urban,1.0,Living together,4.0,3.0,teacher,services,course,father,1.0,3.0,0.0,yes,yes,no,no,yes,yes,yes,no,2.0,2.0,2.0,1.0,1.0,3.0,0.0,7.0,9.0,0.0
142,GP,M,16.0,Urban,0.0,Living together,2.0,2.0,services,services,reputation,father,1.0,0.0,2.0,no,yes,no,yes,yes,yes,yes,no,2.0,3.0,3.0,2.0,2.0,2.0,8.0,9.0,9.0,9.0
143,GP,F,15.0,Urban,1.0,Living together,4.0,4.0,teacher,services,course,mother,0.0,2.0,0.0,no,yes,yes,yes,yes,yes,yes,no,4.0,2.0,2.0,1.0,1.0,5.0,2.0,9.0,11.0,11.0
144,GP,F,16.0,Urban,0.0,Living together,1.0,1.0,at_home,at_home,course,mother,0.0,0.0,0.0,no,no,no,no,yes,yes,yes,no,3.0,4.0,4.0,3.0,3.0,1.0,2.0,14.0,14.0,13.0
145,GP,M,17.0,Urban,1.0,Living together,2.0,1.0,other,other,home,mother,0.0,0.0,3.0,no,yes,no,no,yes,yes,yes,no,5.0,4.0,5.0,1.0,2.0,5.0,0.0,5.0,0.0,0.0
146,GP,F,15.0,Urban,1.0,Living together,1.0,1.0,other,services,course,father,0.0,1.0,0.0,no,yes,yes,no,yes,yes,yes,no,4.0,4.0,2.0,1.0,2.0,5.0,0.0,8.0,11.0,11.0
147,GP,F,15.0,Urban,1.0,Living together,3.0,2.0,health,services,home,father,0.0,1.0,3.0,no,yes,no,no,yes,yes,yes,no,3.0,3.0,2.0,1.0,1.0,3.0,0.0,6.0,7.0,0.0
148,GP,F,15.0,Urban,1.0,Living together,1.0,2.0,at_home,other,course,mother,0.0,1.0,0.0,no,yes,yes,no,no,yes,yes,no,4.0,3.0,2.0,1.0,1.0,5.0,2.0,10.0,11.0,11.0
149,GP,M,16.0,Urban,1.0,Living together,4.0,4.0,teacher,teacher,course,mother,0.0,0.0,0.0,no,yes,no,no,yes,no,yes,yes,3.0,3.0,2.0,2.0,1.0,5.0,0.0,7.0,6.0,0.0
150,GP,M,15.0,Urban,0.0,Apart,2.0,1.0,services,other,course,mother,3.0,0.0,3.0,no,no,no,no,yes,yes,yes,no,4.0,5.0,5.0,2.0,5.0,5.0,0.0,8.0,9.0,10.0
151,GP,M,18.0,Urban,0.0,Living together,1.0,1.0,other,other,course,mother,0.0,0.0,3.0,no,no,no,no,yes,no,yes,yes,2.0,3.0,5.0,2.0,5.0,4.0,0.0,6.0,5.0,0.0
152,GP,M,16.0,Urban,0.0,Living together,2.0,1.0,at_home,other,course,mother,0.0,0.0,1.0,no,no,no,yes,yes,yes,no,yes,4.0,4.0,4.0,3.0,5.0,5.0,6.0,12.0,13.0,14.0
153,GP,F,15.0,Rural,1.0,Living together,3.0,3.0,services,services,reputation,other,1.0,2.0,2.0,no,yes,yes,yes,yes,yes,yes,yes,4.0,2.0,1.0,2.0,3.0,3.0,8.0,10.0,10.0,10.0
154,GP,M,19.0,Urban,1.0,Living together,3.0,2.0,services,at_home,home,mother,0.0,0.0,3.0,no,yes,no,no,yes,no,yes,yes,4.0,5.0,4.0,1.0,1.0,4.0,0.0,5.0,0.0,0.0
155,GP,F,17.0,Urban,1.0,Living together,4.0,4.0,other,teacher,course,mother,0.0,0.0,0.0,yes,yes,no,no,yes,yes,no,yes,4.0,2.0,1.0,1.0,1.0,4.0,0.0,11.0,11.0,12.0
156,GP,M,15.0,Rural,1.0,Living together,2.0,3.0,at_home,services,course,mother,0.0,1.0,0.0,yes,no,yes,yes,yes,yes,no,no,4.0,4.0,4.0,1.0,1.0,1.0,2.0,11.0,8.0,8.0
157,GP,M,17.0,Rural,0.0,Living together,1.0,2.0,other,other,reputation,mother,0.0,0.0,0.0,no,no,no,no,yes,yes,no,no,2.0,2.0,2.0,3.0,3.0,5.0,8.0,16.0,12.0,13.0
158,GP,F,18.0,Rural,1.0,Living together,1.0,1.0,at_home,other,course,mother,2.0,0.0,3.0,no,yes,no,yes,no,yes,no,no,5.0,2.0,5.0,1.0,5.0,4.0,6.0,9.0,8.0,10.0
159,GP,M,16.0,Rural,1.0,Living together,2.0,2.0,at_home,other,course,mother,2.0,0.0,0.0,no,no,no,no,no,yes,no,no,4.0,2.0,2.0,1.0,2.0,3.0,2.0,17.0,15.0,15.0
160,GP,M,16.0,Urban,1.0,Living together,3.0,3.0,other,services,course,father,0.0,1.0,1.0,no,yes,yes,no,yes,yes,yes,yes,4.0,5.0,5.0,4.0,4.0,5.0,4.0,10.0,12.0,12.0
161,GP,M,17.0,Rural,0.0,Living together,2.0,1.0,at_home,other,course,mother,1.0,0.0,2.0,no,no,no,yes,yes,no,yes,yes,3.0,3.0,2.0,2.0,2.0,5.0,0.0,7.0,6.0,0.0
162,GP,M,15.0,Rural,1.0,Living together,3.0,2.0,other,other,course,mother,1.0,1.0,2.0,yes,yes,no,no,yes,yes,yes,yes,4.0,4.0,4.0,1.0,4.0,3.0,6.0,5.0,9.0,7.0
163,GP,M,16.0,Urban,0.0,Living together,1.0,2.0,other,other,course,mother,1.0,0.0,1.0,no,no,no,yes,yes,yes,no,no,4.0,4.0,4.0,2.0,4.0,5.0,0.0,7.0,0.0,0.0
164,GP,M,17.0,Urban,1.0,Living together,1.0,3.0,at_home,services,course,father,0.0,0.0,0.0,no,no,no,no,yes,no,yes,no,5.0,3.0,3.0,1.0,4.0,2.0,2.0,10.0,10.0,10.0
165,GP,M,17.0,Rural,0.0,Living together,1.0,1.0,other,services,course,mother,3.0,1.0,3.0,no,no,no,yes,yes,no,no,yes,5.0,3.0,5.0,1.0,5.0,5.0,0.0,5.0,8.0,7.0
166,GP,M,16.0,Urban,1.0,Living together,3.0,2.0,services,services,course,mother,1.0,0.0,1.0,no,yes,no,yes,no,no,no,no,4.0,5.0,2.0,1.0,1.0,2.0,16.0,12.0,11.0,12.0
167,GP,M,16.0,Urban,1.0,Living together,2.0,2.0,other,other,course,father,0.0,1.0,0.0,no,no,no,no,yes,no,yes,no,4.0,3.0,5.0,2.0,4.0,4.0,4.0,10.0,10.0,10.0
168,GP,F,16.0,Urban,1.0,Living together,4.0,2.0,health,services,home,father,0.0,1.0,0.0,no,no,yes,no,yes,yes,yes,yes,4.0,2.0,3.0,1.0,1.0,3.0,0.0,14.0,15.0,16.0
169,GP,F,16.0,Urban,1.0,Living together,2.0,2.0,other,other,home,mother,0.0,1.0,0.0,no,yes,yes,no,no,yes,yes,no,5.0,1.0,5.0,1.0,1.0,4.0,0.0,6.0,7.0,0.0
170,GP,F,16.0,Urban,1.0,Living together,4.0,4.0,health,health,reputation,mother,0.0,1.0,0.0,no,yes,yes,no,yes,yes,yes,yes,4.0,4.0,2.0,1.0,1.0,3.0,0.0,14.0,14.0,14.0
171,GP,M,16.0,Urban,1.0,Living together,3.0,4.0,other,other,course,father,2.0,0.0,2.0,no,yes,no,yes,no,yes,yes,no,3.0,4.0,5.0,2.0,4.0,2.0,0.0,6.0,5.0,0.0
172,GP,M,16.0,Urban,1.0,Living together,1.0,0.0,other,other,reputation,mother,1.0,1.0,0.0,no,yes,yes,yes,yes,yes,yes,yes,4.0,3.0,2.0,1.0,1.0,3.0,2.0,13.0,15.0,16.0
173,GP,M,17.0,Urban,0.0,Living together,4.0,4.0,teacher,other,reputation,mother,0.0,1.0,0.0,no,yes,yes,yes,yes,yes,yes,no,4.0,4.0,4.0,1.0,3.0,5.0,0.0,13.0,11.0,10.0
174,GP,F,16.0,Urban,1.0,Living together,1.0,3.0,at_home,services,home,mother,0.0,1.0,3.0,no,no,no,yes,no,yes,yes,yes,4.0,3.0,5.0,1.0,1.0,3.0,0.0,8.0,7.0,0.0
175,GP,F,16.0,Urban,0.0,Living together,3.0,3.0,other,other,reputation,mother,1.0,1.0,0.0,no,yes,yes,yes,yes,yes,yes,no,4.0,4.0,5.0,1.0,1.0,4.0,4.0,10.0,11.0,9.0
176,GP,M,17.0,Urban,0.0,Living together,4.0,3.0,teacher,other,course,mother,1.0,1.0,0.0,no,no,yes,yes,yes,yes,yes,no,4.0,4.0,4.0,4.0,4.0,4.0,4.0,10.0,9.0,9.0
177,GP,F,16.0,Urban,1.0,Living together,2.0,2.0,services,other,reputation,mother,1.0,1.0,0.0,no,no,yes,yes,no,yes,yes,no,3.0,4.0,4.0,1.0,4.0,5.0,2.0,13.0,13.0,11.0
178,GP,M,17.0,Urban,1.0,Living together,3.0,3.0,other,other,reputation,father,0.0,1.0,0.0,no,no,no,yes,no,yes,yes,no,4.0,3.0,4.0,1.0,4.0,4.0,4.0,6.0,5.0,6.0
179,GP,M,16.0,Rural,1.0,Living together,4.0,2.0,teacher,services,other,mother,0.0,0.0,0.0,no,yes,no,yes,yes,yes,yes,yes,4.0,3.0,3.0,3.0,4.0,3.0,10.0,10.0,8.0,9.0
180,GP,M,17.0,Urban,1.0,Living together,4.0,3.0,other,other,course,mother,0.0,1.0,0.0,no,yes,no,yes,yes,yes,yes,yes,5.0,2.0,3.0,1.0,1.0,2.0,4.0,10.0,10.0,11.0
181,GP,M,16.0,Urban,1.0,Living together,4.0,3.0,teacher,other,home,mother,0.0,1.0,0.0,no,yes,yes,yes,yes,yes,yes,no,3.0,4.0,3.0,2.0,3.0,3.0,10.0,9.0,8.0,8.0
182,GP,M,16.0,Urban,1.0,Living together,3.0,3.0,services,other,home,mother,0.0,1.0,0.0,no,no,yes,yes,yes,yes,yes,yes,4.0,2.0,3.0,1.0,2.0,3.0,2.0,12.0,13.0,12.0
183,GP,F,17.0,Urban,1.0,Living together,2.0,4.0,services,services,reputation,father,0.0,1.0,0.0,no,yes,no,yes,yes,yes,no,no,5.0,4.0,2.0,2.0,3.0,5.0,0.0,16.0,17.0,17.0
184,GP,F,17.0,Urban,0.0,Living together,3.0,3.0,other,other,reputation,mother,0.0,1.0,0.0,no,yes,no,yes,yes,yes,yes,yes,5.0,3.0,3.0,2.0,3.0,1.0,56.0,9.0,9.0,8.0
185,GP,F,16.0,Urban,1.0,Living together,3.0,2.0,other,other,reputation,mother,0.0,1.0,0.0,no,yes,yes,no,yes,yes,yes,no,1.0,2.0,2.0,1.0,2.0,1.0,14.0,12.0,13.0,12.0
186,GP,M,17.0,Urban,1.0,Living together,3.0,3.0,services,services,other,mother,0.0,1.0,0.0,no,yes,no,yes,yes,yes,yes,yes,4.0,3.0,4.0,2.0,3.0,4.0,12.0,12.0,12.0,11.0
187,GP,M,16.0,Urban,1.0,Living together,1.0,2.0,services,services,other,mother,0.0,0.0,0.0,no,yes,yes,yes,yes,yes,yes,yes,3.0,3.0,3.0,1.0,2.0,3.0,2.0,11.0,12.0,11.0
188,GP,M,16.0,Urban,0.0,Living together,2.0,1.0,other,other,course,mother,0.0,1.0,0.0,no,no,yes,yes,yes,yes,yes,yes,4.0,2.0,3.0,1.0,2.0,5.0,0.0,15.0,15.0,15.0
189,GP,F,17.0,Urban,1.0,Apart,3.0,3.0,health,other,reputation,mother,0.0,1.0,0.0,no,yes,no,no,no,yes,yes,yes,3.0,3.0,3.0,1.0,3.0,3.0,6.0,8.0,7.0,9.0
190,GP,M,17.0,Rural,1.0,Living together,1.0,2.0,at_home,other,home,mother,0.0,1.0,0.0,no,no,no,no,yes,yes,no,no,3.0,1.0,3.0,1.0,5.0,3.0,4.0,8.0,9.0,10.0
191,GP,F,16.0,Urban,1.0,Living together,2.0,3.0,services,services,course,mother,0.0,1.0,0.0,no,no,no,no,yes,yes,yes,no,4.0,3.0,3.0,1.0,1.0,2.0,10.0,11.0,12.0,13.0
192,GP,F,17.0,Urban,1.0,Living together,1.0,1.0,at_home,services,course,mother,0.0,1.0,0.0,no,no,no,yes,yes,yes,yes,no,5.0,3.0,3.0,1.0,1.0,3.0,0.0,8.0,8.0,9.0
193,GP,M,17.0,Urban,1.0,Living together,1.0,2.0,at_home,services,other,other,1.0,1.0,0.0,no,no,yes,yes,no,yes,yes,no,4.0,4.0,4.0,4.0,5.0,5.0,12.0,7.0,8.0,8.0
194,GP,M,16.0,Rural,1.0,Living together,3.0,3.0,services,services,reputation,mother,0.0,0.0,0.0,no,yes,no,yes,yes,yes,yes,no,4.0,3.0,2.0,3.0,4.0,5.0,8.0,8.0,9.0,10.0
195,GP,M,16.0,Urban,1.0,Living together,2.0,3.0,other,other,home,father,1.0,0.0,0.0,no,no,no,no,yes,yes,yes,no,5.0,3.0,3.0,1.0,1.0,3.0,0.0,13.0,14.0,14.0
196,GP,F,17.0,Urban,0.0,Living together,2.0,4.0,services,services,course,father,0.0,1.0,0.0,no,no,no,yes,yes,yes,yes,yes,4.0,3.0,2.0,1.0,1.0,5.0,0.0,14.0,15.0,15.0
197,GP,M,17.0,Urban,1.0,Living together,4.0,4.0,services,teacher,home,mother,0.0,0.0,0.0,no,no,no,no,yes,yes,yes,no,5.0,2.0,3.0,1.0,2.0,5.0,4.0,17.0,15.0,16.0
198,GP,M,16.0,Rural,0.0,Living together,3.0,3.0,teacher,other,home,father,2.0,0.0,0.0,no,yes,yes,yes,yes,yes,yes,no,3.0,3.0,4.0,3.0,5.0,3.0,8.0,9.0,9.0,10.0
199,GP,F,17.0,Urban,1.0,Living together,4.0,4.0,services,teacher,home,mother,1.0,0.0,1.0,no,yes,no,no,yes,yes,yes,no,4.0,2.0,4.0,2.0,3.0,2.0,24.0,18.0,18.0,18.0
200,GP,F,16.0,Urban,0.0,Living together,4.0,4.0,teacher,teacher,reputation,mother,0.0,1.0,0.0,no,yes,yes,no,yes,yes,yes,no,4.0,5.0,2.0,1.0,2.0,3.0,0.0,9.0,9.0,10.0
201,GP,F,16.0,Urban,1.0,Living together,4.0,3.0,health,other,home,mother,0.0,1.0,0.0,no,yes,no,yes,yes,yes,yes,no,4.0,3.0,5.0,1.0,5.0,2.0,2.0,16.0,16.0,16.0
202,GP,F,16.0,Urban,1.0,Living together,2.0,3.0,other,other,reputation,mother,0.0,1.0,0.0,yes,yes,yes,yes,yes,yes,no,no,4.0,4.0,3.0,1.0,3.0,4.0,6.0,8.0,10.0,10.0
203,GP,F,17.0,Urban,1.0,Living together,1.0,1.0,other,other,course,mother,0.0,1.0,0.0,no,yes,yes,no,no,yes,no,no,4.0,4.0,4.0,1.0,3.0,1.0,4.0,9.0,9.0,10.0
204,GP,F,17.0,Rural,1.0,Living together,2.0,2.0,other,other,reputation,mother,0.0,0.0,0.0,no,yes,no,no,yes,yes,yes,no,5.0,3.0,2.0,1.0,2.0,3.0,18.0,7.0,6.0,6.0
205,GP,F,16.0,Rural,1.0,Living together,2.0,2.0,services,services,reputation,mother,1.0,3.0,0.0,no,yes,yes,yes,no,yes,yes,no,5.0,3.0,5.0,1.0,1.0,5.0,6.0,10.0,10.0,11.0
206,GP,F,17.0,Urban,1.0,Living together,3.0,4.0,at_home,services,home,mother,0.0,2.0,1.0,no,yes,yes,no,yes,yes,yes,yes,4.0,4.0,3.0,3.0,4.0,5.0,28.0,10.0,9.0,9.0
207,GP,F,16.0,Urban,1.0,Apart,3.0,1.0,services,other,course,mother,0.0,1.0,3.0,no,yes,yes,no,yes,yes,yes,no,2.0,3.0,3.0,2.0,2.0,4.0,5.0,7.0,7.0,7.0
208,GP,F,16.0,Urban,1.0,Living together,4.0,3.0,teacher,other,other,mother,0.0,1.0,0.0,no,no,yes,yes,yes,yes,yes,yes,1.0,3.0,2.0,1.0,1.0,1.0,10.0,11.0,12.0,13.0
209,GP,F,16.0,Urban,1.0,Living together,1.0,1.0,at_home,other,home,mother,1.0,0.0,0.0,no,yes,yes,no,yes,yes,no,no,4.0,3.0,2.0,1.0,4.0,5.0,6.0,9.0,9.0,10.0
210,GP,F,17.0,Rural,1.0,Living together,4.0,3.0,teacher,other,reputation,mother,1.0,2.0,0.0,no,yes,yes,yes,yes,yes,yes,yes,4.0,4.0,2.0,1.0,1.0,4.0,6.0,7.0,7.0,7.0
211,GP,F,19.0,Urban,1.0,Living together,3.0,3.0,other,other,reputation,other,0.0,3.0,0.0,no,yes,yes,yes,yes,yes,yes,no,4.0,3.0,3.0,1.0,2.0,3.0,10.0,8.0,8.0,8.0
212,GP,M,17.0,Urban,0.0,Living together,4.0,4.0,services,other,home,mother,0.0,1.0,0.0,no,yes,yes,no,yes,yes,yes,yes,5.0,3.0,5.0,4.0,5.0,3.0,13.0,12.0,12.0,13.0
213,GP,F,16.0,Urban,1.0,Apart,2.0,2.0,other,other,reputation,mother,0.0,1.0,0.0,yes,yes,yes,no,yes,yes,yes,no,3.0,3.0,4.0,1.0,1.0,4.0,0.0,12.0,13.0,14.0
214,GP,M,18.0,Urban,1.0,Living together,2.0,2.0,services,other,home,mother,0.0,1.0,1.0,no,yes,yes,yes,yes,yes,yes,no,4.0,4.0,4.0,2.0,4.0,5.0,15.0,6.0,7.0,8.0
215,GP,F,17.0,Rural,0.0,Living together,4.0,4.0,services,other,other,mother,0.0,0.0,0.0,no,yes,yes,no,yes,yes,no,no,5.0,2.0,1.0,1.0,2.0,3.0,12.0,8.0,10.0,10.0
216,GP,F,17.0,Urban,0.0,Living together,3.0,2.0,other,other,reputation,mother,1.0,1.0,0.0,no,no,yes,no,yes,yes,yes,no,4.0,4.0,4.0,1.0,3.0,1.0,2.0,14.0,15.0,15.0
217,GP,F,17.0,Urban,1.0,Living together,4.0,3.0,other,other,reputation,mother,0.0,1.0,2.0,no,no,yes,no,yes,yes,yes,yes,3.0,4.0,5.0,2.0,4.0,1.0,22.0,6.0,6.0,4.0
218,GP,M,18.0,Urban,0.0,Living together,3.0,3.0,services,health,home,father,0.0,1.0,1.0,no,yes,yes,no,yes,yes,yes,no,3.0,2.0,4.0,2.0,4.0,4.0,13.0,6.0,6.0,8.0
219,GP,F,17.0,Urban,1.0,Living together,2.0,3.0,at_home,other,home,father,1.0,0.0,0.0,no,yes,yes,no,yes,yes,no,no,3.0,3.0,3.0,1.0,4.0,3.0,3.0,7.0,7.0,8.0
220,GP,F,17.0,Urban,1.0,Living together,2.0,2.0,at_home,at_home,course,mother,0.0,2.0,0.0,no,yes,yes,yes,yes,yes,yes,no,4.0,3.0,3.0,1.0,1.0,4.0,4.0,9.0,10.0,10.0
221,GP,F,17.0,Rural,1.0,Living together,2.0,1.0,at_home,services,reputation,mother,1.0,1.0,0.0,no,yes,no,yes,yes,yes,yes,no,4.0,2.0,5.0,1.0,2.0,5.0,2.0,6.0,6.0,6.0
222,GP,F,17.0,Urban,1.0,Living together,1.0,1.0,at_home,other,reputation,mother,0.0,2.0,1.0,no,yes,no,yes,yes,yes,no,yes,4.0,3.0,4.0,1.0,1.0,5.0,0.0,6.0,5.0,0.0
223,GP,F,16.0,Urban,1.0,Living together,2.0,3.0,services,teacher,other,mother,0.0,1.0,0.0,yes,no,no,no,yes,yes,yes,no,2.0,3.0,1.0,1.0,1.0,3.0,2.0,16.0,16.0,17.0
224,GP,M,18.0,Urban,1.0,Living together,2.0,2.0,other,other,home,mother,1.0,1.0,0.0,no,yes,yes,no,yes,yes,yes,no,3.0,3.0,3.0,5.0,5.0,4.0,0.0,12.0,13.0,13.0
225,GP,F,16.0,Urban,1.0,Living together,4.0,4.0,teacher,services,home,mother,0.0,2.0,0.0,no,yes,no,yes,no,yes,yes,no,5.0,3.0,2.0,1.0,1.0,5.0,0.0,13.0,13.0,14.0
226,GP,F,18.0,Rural,1.0,Living together,3.0,1.0,other,other,reputation,mother,0.0,1.0,1.0,no,no,no,yes,yes,yes,yes,yes,5.0,3.0,3.0,1.0,1.0,4.0,16.0,9.0,8.0,7.0
227,GP,F,17.0,Urban,1.0,Living together,3.0,2.0,other,other,course,mother,0.0,1.0,0.0,no,no,no,yes,no,yes,yes,no,5.0,3.0,4.0,1.0,3.0,3.0,10.0,16.0,15.0,15.0
228,GP,M,17.0,Urban,0.0,Living together,2.0,3.0,services,services,reputation,father,0.0,1.0,0.0,no,yes,yes,no,no,yes,yes,no,5.0,3.0,3.0,1.0,3.0,3.0,2.0,12.0,11.0,12.0
229,GP,M,18.0,Urban,0.0,Living together,2.0,1.0,at_home,other,course,mother,3.0,1.0,0.0,yes,yes,yes,yes,yes,yes,yes,yes,4.0,3.0,2.0,4.0,5.0,3.0,14.0,10.0,8.0,9.0
230,GP,F,17.0,Urban,1.0,Apart,2.0,1.0,other,other,course,mother,1.0,2.0,0.0,no,no,no,yes,yes,yes,yes,yes,3.0,2.0,3.0,1.0,2.0,3.0,10.0,12.0,10.0,12.0
231,GP,F,17.0,Urban,0.0,Living together,4.0,3.0,health,other,reputation,father,0.0,1.0,0.0,no,no,no,yes,yes,yes,yes,yes,3.0,2.0,3.0,1.0,2.0,3.0,14.0,13.0,13.0,14.0
232,GP,M,17.0,Rural,1.0,Living together,2.0,2.0,other,other,course,father,1.0,1.0,0.0,no,yes,yes,yes,yes,yes,yes,no,4.0,5.0,2.0,1.0,1.0,1.0,4.0,11.0,11.0,11.0
233,GP,M,17.0,Urban,1.0,Living together,4.0,4.0,teacher,teacher,reputation,mother,0.0,1.0,0.0,yes,yes,no,yes,yes,yes,yes,yes,4.0,5.0,5.0,1.0,3.0,2.0,14.0,11.0,9.0,9.0
234,GP,M,16.0,Urban,1.0,Living together,4.0,4.0,health,other,reputation,father,0.0,1.0,0.0,no,yes,yes,yes,yes,yes,yes,no,4.0,2.0,4.0,2.0,4.0,1.0,2.0,14.0,13.0,13.0
235,GP,M,16.0,Urban,0.0,Living together,1.0,1.0,other,other,home,mother,1.0,1.0,0.0,no,yes,yes,no,yes,yes,yes,no,3.0,4.0,2.0,1.0,1.0,5.0,18.0,9.0,7.0,6.0
236,GP,M,16.0,Urban,1.0,Living together,3.0,2.0,at_home,other,reputation,mother,1.0,2.0,0.0,no,no,no,yes,yes,yes,yes,yes,5.0,3.0,3.0,1.0,3.0,2.0,10.0,11.0,9.0,10.0
237,GP,M,17.0,Urban,0.0,Living together,2.0,2.0,other,other,home,father,0.0,1.0,0.0,no,no,yes,yes,no,yes,yes,yes,4.0,4.0,2.0,5.0,5.0,4.0,4.0,14.0,13.0,13.0
238,GP,F,16.0,Urban,1.0,Living together,2.0,1.0,other,other,home,mother,0.0,0.0,0.0,no,no,no,no,yes,yes,yes,yes,4.0,5.0,2.0,1.0,1.0,5.0,20.0,13.0,12.0,12.0
239,GP,F,17.0,Rural,1.0,Living together,2.0,1.0,at_home,services,course,mother,2.0,1.0,0.0,no,no,no,yes,yes,yes,no,no,2.0,1.0,1.0,1.0,1.0,3.0,2.0,13.0,11.0,11.0
240,GP,M,18.0,Urban,1.0,Living together,2.0,2.0,other,services,reputation,father,0.0,1.0,1.0,no,no,no,no,yes,no,yes,no,5.0,5.0,4.0,3.0,5.0,2.0,0.0,7.0,7.0,0.0
241,GP,M,17.0,Urban,0.0,Living together,4.0,3.0,health,other,course,mother,1.0,1.0,0.0,no,no,no,yes,yes,yes,yes,yes,2.0,5.0,5.0,1.0,4.0,5.0,14.0,12.0,12.0,12.0
242,GP,M,17.0,Rural,0.0,Apart,4.0,4.0,teacher,other,course,mother,1.0,1.0,0.0,no,yes,yes,no,yes,yes,yes,no,3.0,3.0,3.0,2.0,3.0,4.0,2.0,10.0,11.0,12.0
243,GP,M,16.0,Urban,0.0,Living together,4.0,3.0,teacher,other,course,mother,0.0,0.0,0.0,no,no,no,yes,no,yes,yes,no,5.0,4.0,5.0,1.0,1.0,3.0,0.0,6.0,0.0,0.0
244,GP,M,16.0,Urban,1.0,Living together,4.0,4.0,services,services,course,mother,0.0,0.0,0.0,no,no,no,yes,yes,yes,yes,no,5.0,3.0,2.0,1.0,2.0,5.0,0.0,13.0,12.0,12.0
245,GP,F,18.0,Urban,1.0,Living together,2.0,1.0,other,other,course,other,1.0,2.0,0.0,no,yes,yes,no,no,yes,yes,yes,4.0,4.0,4.0,1.0,1.0,3.0,0.0,7.0,0.0,0.0
246,GP,M,16.0,Urban,1.0,Living together,2.0,1.0,other,other,course,mother,2.0,0.0,0.0,no,no,no,no,yes,yes,yes,no,4.0,3.0,3.0,1.0,1.0,4.0,6.0,18.0,18.0,18.0
247,GP,M,17.0,Urban,1.0,Living together,2.0,3.0,other,other,course,father,1.0,0.0,0.0,no,no,no,no,yes,yes,yes,no,5.0,2.0,2.0,1.0,1.0,2.0,4.0,12.0,12.0,13.0
248,GP,M,22.0,Urban,1.0,Living together,3.0,1.0,services,services,other,mother,0.0,0.0,3.0,no,no,no,no,no,no,yes,yes,5.0,4.0,5.0,5.0,5.0,1.0,16.0,6.0,8.0,8.0
249,GP,M,18.0,Rural,0.0,Living together,3.0,3.0,other,services,course,mother,0.0,1.0,1.0,no,yes,no,no,yes,yes,yes,yes,4.0,3.0,3.0,1.0,3.0,5.0,8.0,3.0,5.0,5.0
250,GP,M,16.0,Urban,1.0,Living together,0.0,2.0,other,other,other,mother,0.0,0.0,0.0,no,no,yes,no,no,yes,yes,no,4.0,3.0,2.0,2.0,4.0,5.0,0.0,13.0,15.0,15.0
251,GP,M,18.0,Urban,1.0,Living together,3.0,2.0,services,other,course,mother,1.0,0.0,1.0,no,no,no,no,yes,no,yes,no,4.0,4.0,5.0,2.0,4.0,5.0,0.0,6.0,8.0,8.0
252,GP,M,16.0,Urban,1.0,Living together,3.0,3.0,at_home,other,reputation,other,2.0,1.0,0.0,yes,yes,no,no,no,yes,yes,no,5.0,3.0,3.0,1.0,3.0,2.0,6.0,7.0,10.0,10.0
253,GP,M,18.0,Urban,1.0,Living together,2.0,1.0,services,services,other,mother,0.0,0.0,1.0,no,no,no,no,no,no,yes,no,3.0,2.0,5.0,2.0,5.0,5.0,4.0,6.0,9.0,8.0
254,GP,M,16.0,Rural,1.0,Living together,2.0,1.0,other,other,course,mother,1.0,0.0,0.0,no,no,no,yes,no,yes,no,no,3.0,3.0,2.0,1.0,3.0,3.0,0.0,8.0,9.0,8.0
255,GP,M,17.0,Rural,1.0,Living together,2.0,1.0,other,other,course,mother,0.0,0.0,0.0,no,no,no,no,no,yes,yes,no,4.0,4.0,2.0,2.0,4.0,5.0,0.0,8.0,12.0,12.0
256,GP,M,17.0,Urban,0.0,Living together,1.0,1.0,health,other,course,mother,1.0,0.0,1.0,no,yes,no,yes,yes,yes,yes,no,4.0,4.0,4.0,1.0,2.0,5.0,2.0,7.0,9.0,8.0
257,GP,F,17.0,Urban,0.0,Living together,4.0,2.0,teacher,services,reputation,mother,0.0,3.0,0.0,no,yes,yes,yes,yes,yes,yes,no,4.0,2.0,3.0,1.0,1.0,4.0,6.0,14.0,12.0,13.0
258,GP,M,19.0,Urban,0.0,Apart,4.0,3.0,services,at_home,reputation,mother,0.0,1.0,0.0,no,yes,no,no,yes,yes,yes,no,4.0,3.0,1.0,1.0,1.0,1.0,12.0,11.0,11.0,11.0
259,GP,M,18.0,Urban,1.0,Living together,2.0,1.0,other,other,home,mother,0.0,1.0,0.0,no,no,no,yes,yes,yes,yes,no,5.0,2.0,4.0,1.0,2.0,4.0,8.0,15.0,14.0,14.0
260,GP,F,17.0,Urban,0.0,Living together,2.0,2.0,services,services,course,father,0.0,3.0,0.0,no,no,yes,yes,yes,yes,yes,yes,3.0,4.0,1.0,1.0,1.0,2.0,0.0,10.0,9.0,0.0
261,GP,F,18.0,Urban,1.0,Living together,4.0,3.0,services,other,home,father,0.0,1.0,0.0,no,yes,yes,no,yes,yes,yes,yes,3.0,1.0,2.0,1.0,3.0,2.0,21.0,17.0,18.0,18.0
262,GP,M,18.0,Urban,1.0,Living together,4.0,3.0,teacher,other,course,mother,0.0,1.0,0.0,no,yes,yes,no,no,yes,yes,no,4.0,3.0,2.0,1.0,1.0,3.0,2.0,8.0,8.0,8.0
263,GP,M,18.0,Rural,1.0,Living together,3.0,2.0,other,other,course,mother,0.0,2.0,0.0,no,no,no,yes,no,yes,no,no,5.0,3.0,2.0,1.0,1.0,3.0,1.0,13.0,12.0,12.0
264,GP,F,17.0,Urban,1.0,Living together,3.0,3.0,other,other,home,mother,0.0,2.0,0.0,no,no,no,yes,no,yes,no,no,3.0,2.0,3.0,1.0,1.0,4.0,4.0,10.0,9.0,9.0
265,GP,F,18.0,Urban,1.0,Living together,2.0,2.0,at_home,services,home,mother,0.0,2.0,0.0,no,yes,yes,yes,yes,yes,yes,yes,4.0,3.0,3.0,1.0,1.0,3.0,0.0,9.0,10.0,0.0
266,GP,M,18.0,Rural,0.0,Apart,3.0,4.0,other,other,reputation,mother,1.0,1.0,0.0,no,yes,yes,yes,yes,yes,yes,no,4.0,2.0,5.0,3.0,4.0,1.0,13.0,17.0,17.0,17.0
267,GP,M,17.0,Urban,1.0,Living together,3.0,1.0,services,other,other,mother,0.0,1.0,0.0,no,no,yes,yes,yes,yes,yes,yes,5.0,4.0,4.0,3.0,4.0,5.0,2.0,9.0,9.0,10.0
268,GP,F,18.0,Rural,1.0,Living together,4.0,4.0,teacher,other,reputation,mother,1.0,1.0,0.0,no,no,yes,yes,yes,yes,yes,no,4.0,3.0,4.0,2.0,2.0,4.0,8.0,12.0,10.0,11.0
269,GP,M,18.0,Urban,1.0,Living together,4.0,2.0,health,other,reputation,father,0.0,1.0,0.0,no,yes,yes,yes,yes,yes,yes,yes,5.0,4.0,5.0,1.0,3.0,5.0,10.0,10.0,9.0,10.0
270,GP,F,18.0,Rural,1.0,Living together,2.0,1.0,other,other,reputation,mother,1.0,1.0,0.0,no,yes,no,no,yes,no,yes,yes,4.0,3.0,5.0,1.0,2.0,3.0,0.0,6.0,0.0,0.0
271,GP,F,19.0,Urban,1.0,Living together,3.0,3.0,other,services,home,other,0.0,1.0,2.0,no,yes,yes,yes,yes,yes,yes,no,4.0,3.0,5.0,3.0,3.0,5.0,15.0,9.0,9.0,9.0
272,GP,F,18.0,Urban,1.0,Living together,2.0,3.0,other,services,reputation,father,0.0,3.0,0.0,no,yes,yes,yes,yes,yes,yes,yes,4.0,5.0,5.0,1.0,3.0,2.0,4.0,15.0,14.0,14.0
273,GP,F,18.0,Urban,0.0,Living together,1.0,1.0,other,other,home,mother,1.0,1.0,0.0,no,yes,yes,no,no,yes,no,no,4.0,4.0,3.0,1.0,1.0,3.0,2.0,11.0,11.0,11.0
274,GP,M,17.0,Rural,1.0,Living together,1.0,2.0,at_home,at_home,home,mother,0.0,1.0,0.0,no,yes,yes,yes,no,yes,no,yes,3.0,5.0,2.0,2.0,2.0,1.0,2.0,15.0,14.0,14.0
275,GP,F,17.0,Urban,1.0,Living together,2.0,4.0,at_home,health,reputation,mother,1.0,1.0,0.0,no,yes,yes,no,yes,yes,yes,yes,4.0,3.0,3.0,1.0,1.0,1.0,2.0,10.0,10.0,10.0
276,GP,F,17.0,Urban,0.0,Living together,2.0,2.0,services,other,course,mother,1.0,1.0,0.0,yes,yes,yes,no,yes,yes,yes,yes,4.0,4.0,4.0,2.0,3.0,5.0,6.0,12.0,12.0,12.0
277,GP,F,18.0,Rural,1.0,Apart,3.0,2.0,other,services,home,mother,1.0,1.0,0.0,no,no,no,no,no,no,yes,yes,4.0,1.0,1.0,1.0,1.0,5.0,75.0,10.0,9.0,9.0
278,GP,M,18.0,Urban,1.0,Living together,4.0,4.0,teacher,services,home,mother,1.0,0.0,0.0,no,no,yes,yes,yes,yes,yes,no,3.0,2.0,4.0,1.0,4.0,3.0,22.0,9.0,9.0,9.0
279,GP,F,18.0,Urban,1.0,Living together,4.0,4.0,health,health,reputation,father,0.0,1.0,1.0,yes,yes,no,yes,yes,yes,yes,yes,2.0,4.0,4.0,1.0,1.0,4.0,15.0,9.0,8.0,8.0
280,GP,M,18.0,Urban,0.0,Living together,4.0,3.0,teacher,services,course,mother,1.0,0.0,0.0,no,no,yes,yes,yes,yes,yes,no,4.0,2.0,3.0,1.0,2.0,1.0,8.0,10.0,11.0,10.0
281,GP,M,17.0,Urban,0.0,Apart,4.0,1.0,services,other,home,mother,1.0,0.0,0.0,no,no,yes,yes,yes,yes,yes,yes,4.0,5.0,4.0,2.0,4.0,5.0,30.0,8.0,8.0,8.0
282,GP,M,17.0,Urban,0.0,Apart,3.0,2.0,teacher,services,home,mother,0.0,0.0,1.0,no,no,no,no,yes,yes,yes,no,4.0,4.0,4.0,3.0,4.0,3.0,19.0,11.0,9.0,10.0
283,GP,F,18.0,Rural,0.0,Living together,1.0,1.0,at_home,other,reputation,mother,1.0,3.0,0.0,no,yes,yes,yes,yes,yes,no,no,5.0,2.0,2.0,1.0,1.0,3.0,1.0,12.0,12.0,12.0
284,GP,F,18.0,Urban,1.0,Living together,1.0,1.0,other,other,home,mother,1.0,1.0,0.0,yes,no,no,yes,yes,yes,yes,no,5.0,4.0,4.0,1.0,1.0,4.0,4.0,8.0,9.0,10.0
285,GP,F,17.0,Urban,1.0,Living together,2.0,2.0,other,other,course,mother,0.0,1.0,0.0,no,yes,no,no,no,yes,yes,no,5.0,4.0,5.0,1.0,2.0,5.0,4.0,10.0,9.0,11.0
286,GP,M,17.0,Urban,1.0,Living together,1.0,1.0,other,other,reputation,father,0.0,1.0,0.0,no,no,yes,no,no,yes,yes,no,4.0,3.0,3.0,1.0,2.0,4.0,2.0,12.0,10.0,11.0
287,GP,F,18.0,Urban,1.0,Living together,2.0,2.0,at_home,at_home,other,mother,0.0,2.0,0.0,no,yes,yes,no,yes,yes,yes,no,4.0,3.0,3.0,1.0,2.0,2.0,5.0,18.0,18.0,19.0
288,GP,F,17.0,Urban,1.0,Living together,1.0,1.0,services,teacher,reputation,mother,0.0,2.0,0.0,no,yes,yes,no,yes,yes,yes,no,4.0,3.0,3.0,1.0,1.0,3.0,6.0,13.0,12.0,12.0
289,GP,M,18.0,Urban,1.0,Living together,2.0,1.0,services,services,reputation,mother,0.0,2.0,0.0,no,no,yes,yes,yes,yes,yes,no,4.0,2.0,4.0,1.0,3.0,2.0,6.0,15.0,14.0,14.0
290,GP,M,18.0,Urban,0.0,Apart,4.0,4.0,teacher,teacher,reputation,mother,0.0,1.0,0.0,no,yes,yes,yes,yes,yes,yes,no,5.0,4.0,3.0,1.0,1.0,2.0,9.0,15.0,13.0,15.0
291,GP,M,18.0,Urban,1.0,Living together,4.0,2.0,teacher,other,home,mother,0.0,1.0,0.0,no,yes,yes,yes,yes,yes,yes,yes,4.0,3.0,2.0,1.0,4.0,5.0,11.0,12.0,11.0,11.0
292,GP,F,17.0,Urban,1.0,Living together,4.0,3.0,health,services,reputation,mother,0.0,2.0,0.0,no,yes,yes,no,yes,yes,yes,no,4.0,2.0,2.0,1.0,2.0,3.0,0.0,15.0,15.0,15.0
293,GP,F,18.0,Urban,0.0,Living together,2.0,1.0,services,at_home,reputation,mother,0.0,1.0,1.0,no,no,no,no,yes,yes,yes,yes,5.0,4.0,3.0,1.0,1.0,5.0,12.0,12.0,12.0,13.0
294,GP,F,17.0,Rural,0.0,Living together,3.0,1.0,services,other,reputation,mother,1.0,3.0,0.0,no,yes,yes,no,yes,yes,no,no,3.0,1.0,2.0,1.0,1.0,3.0,6.0,18.0,18.0,18.0
295,GP,M,18.0,Rural,0.0,Living together,3.0,2.0,services,other,reputation,mother,1.0,2.0,0.0,no,yes,yes,yes,yes,yes,yes,no,5.0,4.0,2.0,1.0,1.0,4.0,8.0,14.0,13.0,14.0
296,GP,M,17.0,Urban,1.0,Living together,3.0,3.0,health,other,home,mother,0.0,0.0,0.0,no,yes,yes,no,yes,yes,yes,no,4.0,4.0,3.0,1.0,3.0,5.0,4.0,14.0,12.0,11.0
297,GP,F,19.0,Urban,1.0,Living together,4.0,4.0,health,other,reputation,other,1.0,1.0,0.0,no,yes,yes,yes,yes,yes,yes,no,2.0,3.0,4.0,2.0,3.0,2.0,0.0,10.0,9.0,0.0
298,GP,F,18.0,Urban,0.0,Living together,4.0,3.0,other,other,home,other,1.0,1.0,0.0,no,yes,yes,no,yes,yes,yes,yes,4.0,4.0,5.0,1.0,2.0,2.0,10.0,10.0,8.0,8.0
299,GP,F,18.0,Urban,1.0,Living together,4.0,3.0,other,other,reputation,father,0.0,3.0,0.0,no,yes,yes,no,yes,yes,yes,no,4.0,3.0,3.0,1.0,1.0,3.0,0.0,14.0,13.0,14.0
300,GP,M,18.0,Urban,0.0,Living together,4.0,4.0,teacher,teacher,home,mother,0.0,0.0,0.0,no,yes,yes,no,yes,yes,yes,yes,1.0,4.0,2.0,2.0,2.0,1.0,5.0,16.0,15.0,16.0
301,GP,F,18.0,Urban,0.0,Apart,4.0,4.0,health,other,home,mother,0.0,1.0,0.0,no,yes,no,no,yes,yes,yes,yes,4.0,2.0,4.0,1.0,1.0,4.0,14.0,12.0,10.0,11.0
302,GP,M,17.0,Urban,0.0,Living together,4.0,4.0,other,teacher,home,father,1.0,0.0,0.0,no,no,yes,no,yes,yes,yes,no,4.0,1.0,1.0,2.0,2.0,5.0,0.0,11.0,11.0,10.0
303,GP,F,17.0,Urban,1.0,Living together,4.0,2.0,other,other,reputation,mother,1.0,2.0,0.0,no,yes,yes,no,yes,yes,yes,no,4.0,3.0,3.0,1.0,1.0,3.0,0.0,15.0,12.0,14.0
304,GP,F,17.0,Urban,1.0,Living together,3.0,2.0,health,health,reputation,father,0.0,3.0,0.0,no,yes,yes,yes,no,yes,yes,no,5.0,2.0,2.0,1.0,2.0,5.0,0.0,17.0,17.0,18.0
305,GP,M,19.0,Urban,1.0,Living together,3.0,3.0,other,other,home,other,0.0,1.0,1.0,no,yes,no,yes,yes,yes,yes,yes,4.0,4.0,4.0,1.0,1.0,3.0,20.0,15.0,14.0,13.0
306,GP,F,18.0,Urban,1.0,Living together,2.0,4.0,services,at_home,reputation,other,0.0,1.0,1.0,no,yes,yes,yes,yes,yes,yes,no,4.0,4.0,3.0,1.0,1.0,3.0,8.0,14.0,12.0,12.0
307,GP,M,20.0,Urban,1.0,Apart,3.0,2.0,services,other,course,other,0.0,0.0,0.0,no,no,no,yes,yes,yes,no,no,5.0,5.0,3.0,1.0,1.0,5.0,0.0,17.0,18.0,18.0
308,GP,M,19.0,Urban,1.0,Living together,4.0,4.0,teacher,services,reputation,other,1.0,0.0,1.0,no,yes,yes,no,yes,yes,yes,yes,4.0,3.0,4.0,1.0,1.0,4.0,38.0,8.0,9.0,8.0
309,GP,M,19.0,Rural,1.0,Living together,3.0,3.0,other,services,reputation,father,0.0,1.0,1.0,no,no,no,yes,yes,yes,no,yes,4.0,5.0,3.0,1.0,2.0,5.0,0.0,15.0,12.0,12.0
310,GP,F,19.0,Urban,0.0,Living together,1.0,1.0,at_home,other,reputation,other,0.0,1.0,1.0,yes,yes,no,yes,no,yes,yes,no,4.0,4.0,3.0,1.0,3.0,3.0,18.0,12.0,10.0,10.0
311,GP,F,19.0,Urban,0.0,Living together,1.0,2.0,services,services,home,other,0.0,1.0,1.0,no,no,no,yes,no,yes,no,yes,4.0,2.0,4.0,2.0,2.0,3.0,0.0,9.0,9.0,0.0
312,GP,F,19.0,Urban,1.0,Living together,2.0,1.0,at_home,other,other,other,2.0,1.0,0.0,no,yes,no,no,yes,no,yes,yes,3.0,4.0,1.0,1.0,1.0,2.0,20.0,14.0,12.0,13.0
313,GP,M,19.0,Urban,1.0,Living together,1.0,2.0,other,services,course,other,0.0,1.0,1.0,no,no,no,no,no,yes,yes,no,4.0,5.0,2.0,2.0,2.0,4.0,3.0,13.0,11.0,11.0
314,GP,F,19.0,Urban,0.0,Living together,3.0,2.0,services,other,reputation,other,1.0,1.0,1.0,no,yes,yes,no,no,yes,yes,yes,4.0,2.0,2.0,1.0,2.0,1.0,22.0,13.0,10.0,11.0
315,GP,F,19.0,Urban,1.0,Living together,1.0,1.0,at_home,health,home,other,0.0,2.0,2.0,no,no,no,no,no,yes,yes,yes,4.0,1.0,2.0,1.0,1.0,3.0,14.0,15.0,13.0,13.0
316,GP,F,19.0,Rural,1.0,Living together,2.0,3.0,other,other,reputation,other,0.0,2.0,1.0,no,no,no,no,yes,yes,yes,yes,4.0,1.0,2.0,1.0,1.0,3.0,40.0,13.0,11.0,11.0
317,GP,F,18.0,Urban,1.0,Living together,2.0,1.0,services,other,course,mother,1.0,1.0,0.0,no,yes,yes,yes,yes,yes,yes,no,5.0,3.0,3.0,1.0,2.0,1.0,0.0,8.0,8.0,0.0
318,GP,F,18.0,Urban,1.0,Living together,4.0,3.0,other,other,course,mother,0.0,2.0,0.0,no,yes,yes,yes,yes,yes,yes,yes,4.0,3.0,4.0,1.0,1.0,5.0,9.0,9.0,10.0,9.0
319,GP,F,17.0,Rural,1.0,Living together,3.0,4.0,at_home,services,course,father,0.0,2.0,0.0,no,yes,yes,yes,no,yes,yes,no,4.0,3.0,4.0,2.0,5.0,5.0,0.0,11.0,11.0,10.0
320,GP,F,18.0,Urban,1.0,Living together,4.0,4.0,teacher,other,course,mother,0.0,1.0,0.0,no,yes,yes,no,yes,yes,yes,no,4.0,4.0,4.0,3.0,3.0,5.0,2.0,11.0,11.0,11.0
321,GP,F,17.0,Urban,1.0,Apart,4.0,3.0,services,services,course,mother,0.0,1.0,0.0,no,yes,yes,no,yes,yes,yes,yes,5.0,2.0,2.0,1.0,2.0,5.0,23.0,13.0,13.0,13.0
322,GP,F,17.0,Urban,1.0,Living together,2.0,2.0,other,other,course,mother,0.0,1.0,0.0,no,yes,no,no,yes,yes,no,yes,4.0,2.0,2.0,1.0,1.0,3.0,12.0,11.0,9.0,9.0
323,GP,F,17.0,Rural,0.0,Living together,2.0,2.0,services,services,course,mother,0.0,2.0,0.0,no,yes,yes,yes,yes,yes,yes,no,3.0,3.0,2.0,2.0,2.0,3.0,3.0,11.0,11.0,11.0
324,GP,F,17.0,Urban,1.0,Living together,3.0,1.0,services,services,course,father,0.0,2.0,0.0,no,yes,no,no,no,yes,yes,no,3.0,4.0,3.0,2.0,3.0,5.0,1.0,12.0,14.0,15.0
325,GP,F,17.0,Urban,0.0,Living together,0.0,2.0,at_home,at_home,home,father,1.0,2.0,0.0,no,no,no,no,yes,yes,yes,no,3.0,3.0,3.0,2.0,3.0,2.0,0.0,16.0,15.0,15.0
326,GP,M,18.0,Urban,1.0,Living together,4.0,4.0,other,other,course,mother,0.0,2.0,0.0,no,no,no,yes,yes,yes,yes,no,4.0,3.0,3.0,2.0,2.0,3.0,3.0,9.0,12.0,11.0
327,GP,M,17.0,Urban,1.0,Living together,3.0,3.0,other,services,reputation,mother,0.0,0.0,0.0,no,no,no,yes,no,yes,yes,no,4.0,3.0,5.0,3.0,5.0,5.0,3.0,14.0,15.0,16.0
328,GP,M,17.0,Rural,1.0,Living together,2.0,2.0,services,other,course,mother,3.0,0.0,0.0,no,yes,no,no,yes,yes,yes,no,4.0,4.0,5.0,5.0,5.0,4.0,8.0,11.0,10.0,10.0
329,GP,F,17.0,Urban,1.0,Living together,4.0,4.0,teacher,services,course,mother,0.0,2.0,0.0,no,yes,yes,yes,yes,yes,yes,no,5.0,4.0,4.0,1.0,3.0,4.0,7.0,10.0,9.0,9.0
330,GP,F,17.0,Urban,1.0,Living together,4.0,4.0,teacher,teacher,course,mother,1.0,2.0,0.0,no,yes,yes,no,no,yes,yes,yes,4.0,3.0,3.0,1.0,2.0,4.0,4.0,14.0,14.0,14.0
331,GP,M,18.0,Urban,0.0,Living together,2.0,2.0,other,other,course,mother,0.0,3.0,0.0,no,yes,no,yes,yes,yes,yes,no,4.0,5.0,5.0,2.0,4.0,5.0,2.0,9.0,8.0,8.0
332,GP,F,17.0,Rural,1.0,Living together,2.0,4.0,at_home,other,course,father,0.0,2.0,0.0,no,yes,no,no,yes,yes,yes,yes,4.0,4.0,3.0,1.0,1.0,5.0,7.0,12.0,14.0,14.0
333,GP,F,18.0,Urban,1.0,Living together,3.0,3.0,services,services,home,mother,0.0,1.0,0.0,no,no,no,yes,yes,yes,yes,no,5.0,3.0,4.0,1.0,1.0,4.0,0.0,7.0,0.0,0.0
334,GP,F,18.0,Urban,0.0,Living together,2.0,2.0,other,other,home,other,0.0,1.0,0.0,no,no,no,yes,no,yes,yes,yes,4.0,3.0,3.0,1.0,1.0,2.0,0.0,8.0,8.0,0.0
335,GP,F,18.0,Rural,1.0,Living together,2.0,2.0,at_home,other,course,mother,1.0,3.0,0.0,no,no,no,yes,yes,yes,no,no,4.0,4.0,4.0,1.0,1.0,4.0,0.0,10.0,9.0,0.0
336,GP,F,17.0,Urban,1.0,Living together,3.0,4.0,services,other,course,mother,0.0,2.0,0.0,no,no,no,no,yes,yes,yes,no,4.0,4.0,5.0,1.0,3.0,5.0,16.0,16.0,15.0,15.0
337,GP,F,19.0,Rural,1.0,Apart,3.0,1.0,services,at_home,home,other,0.0,2.0,1.0,no,no,yes,no,yes,yes,no,no,5.0,4.0,3.0,1.0,2.0,5.0,12.0,14.0,13.0,13.0
338,GP,F,17.0,Urban,1.0,Living together,3.0,2.0,other,other,home,mother,0.0,1.0,0.0,no,yes,yes,no,yes,yes,yes,yes,4.0,3.0,2.0,2.0,3.0,2.0,0.0,7.0,8.0,0.0
339,GP,F,18.0,Urban,0.0,Living together,3.0,3.0,services,services,home,mother,0.0,3.0,0.0,no,yes,no,no,yes,yes,yes,no,5.0,3.0,3.0,1.0,1.0,1.0,7.0,16.0,15.0,17.0
340,GP,F,17.0,Rural,1.0,Apart,3.0,2.0,other,other,home,mother,0.0,1.0,0.0,no,yes,yes,no,yes,yes,yes,no,4.0,3.0,3.0,2.0,3.0,2.0,4.0,9.0,10.0,10.0
341,GP,F,19.0,Urban,1.0,Living together,2.0,1.0,services,services,home,other,0.0,2.0,1.0,no,no,yes,yes,yes,yes,yes,yes,4.0,3.0,4.0,1.0,3.0,3.0,4.0,11.0,12.0,11.0
342,GP,M,18.0,Urban,1.0,Living together,4.0,4.0,teacher,services,home,father,0.0,1.0,1.0,no,yes,no,yes,yes,yes,yes,no,4.0,3.0,3.0,2.0,2.0,2.0,0.0,10.0,10.0,0.0
343,GP,M,18.0,Urban,0.0,Living together,3.0,4.0,services,other,home,mother,0.0,1.0,0.0,no,no,no,yes,yes,yes,yes,yes,4.0,3.0,3.0,1.0,3.0,5.0,11.0,16.0,15.0,15.0
344,GP,F,17.0,Urban,1.0,Apart,2.0,2.0,at_home,at_home,home,father,0.0,1.0,1.0,no,yes,no,no,yes,yes,yes,yes,3.0,3.0,1.0,1.0,2.0,4.0,0.0,9.0,8.0,0.0
345,GP,F,18.0,Urban,1.0,Living together,2.0,3.0,at_home,other,course,mother,0.0,2.0,0.0,no,yes,no,no,yes,yes,yes,no,4.0,3.0,3.0,1.0,2.0,3.0,4.0,11.0,10.0,10.0
346,GP,F,18.0,Urban,1.0,Living together,3.0,2.0,other,services,other,mother,0.0,2.0,0.0,no,no,no,no,yes,yes,yes,yes,5.0,4.0,3.0,2.0,3.0,1.0,7.0,13.0,13.0,14.0
347,GP,M,18.0,Rural,1.0,Living together,4.0,3.0,teacher,services,course,mother,0.0,2.0,0.0,no,no,no,no,yes,yes,yes,yes,5.0,3.0,2.0,1.0,2.0,4.0,9.0,16.0,15.0,16.0
348,GP,M,18.0,Urban,1.0,Living together,4.0,3.0,teacher,other,course,mother,0.0,2.0,0.0,no,yes,yes,no,yes,yes,yes,yes,5.0,4.0,5.0,2.0,3.0,5.0,0.0,10.0,10.0,9.0
349,GP,F,17.0,Urban,1.0,Living together,4.0,3.0,health,other,reputation,mother,0.0,2.0,0.0,no,yes,yes,yes,yes,yes,yes,yes,4.0,4.0,3.0,1.0,3.0,4.0,0.0,13.0,15.0,15.0
350,MS,M,18.0,Rural,1.0,Living together,3.0,2.0,other,other,course,mother,1.0,0.0,1.0,no,yes,no,no,no,yes,yes,no,2.0,5.0,5.0,5.0,5.0,5.0,10.0,11.0,13.0,13.0
351,MS,M,19.0,Rural,1.0,Living together,1.0,1.0,other,services,home,other,2.0,1.0,3.0,no,no,no,no,yes,yes,yes,no,5.0,4.0,4.0,3.0,3.0,2.0,8.0,8.0,7.0,8.0
352,MS,M,17.0,Urban,1.0,Living together,3.0,3.0,health,other,course,mother,1.0,1.0,0.0,no,yes,yes,no,yes,yes,yes,no,4.0,5.0,4.0,2.0,3.0,3.0,2.0,13.0,13.0,13.0
353,MS,M,18.0,Urban,0.0,Living together,1.0,3.0,at_home,services,course,mother,0.0,0.0,1.0,no,no,no,no,yes,no,yes,yes,4.0,3.0,3.0,2.0,3.0,3.0,7.0,8.0,7.0,8.0
354,MS,M,19.0,Rural,1.0,Living together,1.0,1.0,other,other,home,other,2.0,0.0,1.0,no,yes,no,no,yes,yes,yes,no,4.0,4.0,4.0,3.0,3.0,5.0,4.0,8.0,8.0,8.0
355,MS,M,17.0,Rural,1.0,Living together,4.0,3.0,services,other,home,mother,1.0,1.0,0.0,no,yes,yes,yes,no,yes,yes,yes,4.0,5.0,5.0,1.0,3.0,2.0,4.0,13.0,11.0,11.0
356,MS,F,18.0,Urban,1.0,Living together,3.0,3.0,services,services,course,father,0.0,1.0,0.0,no,yes,no,no,yes,yes,no,yes,5.0,3.0,4.0,1.0,1.0,5.0,0.0,10.0,9.0,9.0
357,MS,F,17.0,Rural,1.0,Living together,4.0,4.0,teacher,services,other,father,1.0,1.0,0.0,no,yes,yes,yes,yes,yes,yes,no,4.0,3.0,3.0,1.0,2.0,5.0,4.0,12.0,13.0,13.0
358,MS,F,17.0,Urban,0.0,Apart,3.0,2.0,services,other,reputation,mother,1.0,1.0,0.0,no,no,no,no,yes,yes,no,yes,1.0,2.0,3.0,1.0,2.0,5.0,2.0,12.0,12.0,11.0
359,MS,M,18.0,Urban,0.0,Living together,1.0,1.0,other,services,home,father,1.0,0.0,0.0,no,no,no,no,no,yes,yes,yes,3.0,3.0,2.0,1.0,2.0,3.0,4.0,10.0,10.0,10.0
360,MS,F,18.0,Urban,0.0,Living together,1.0,1.0,at_home,services,course,father,1.0,2.0,0.0,no,no,no,no,yes,yes,yes,no,5.0,3.0,2.0,1.0,1.0,4.0,0.0,18.0,16.0,16.0
361,MS,F,18.0,Rural,0.0,Apart,1.0,4.0,at_home,other,course,mother,2.0,1.0,0.0,no,no,no,no,yes,yes,no,yes,4.0,3.0,4.0,1.0,4.0,5.0,0.0,13.0,13.0,13.0
362,MS,M,18.0,Rural,0.0,Living together,1.0,1.0,at_home,other,other,mother,1.0,1.0,1.0,no,no,no,yes,no,no,no,no,4.0,4.0,3.0,2.0,3.0,5.0,2.0,13.0,12.0,12.0
363,MS,F,18.0,Urban,1.0,Living together,3.0,3.0,services,services,other,mother,1.0,1.0,0.0,no,yes,no,no,yes,yes,yes,yes,4.0,3.0,2.0,1.0,3.0,3.0,0.0,11.0,11.0,10.0
364,MS,F,17.0,Urban,0.0,Living together,4.0,4.0,at_home,at_home,course,mother,0.0,1.0,0.0,no,yes,yes,yes,yes,yes,yes,yes,2.0,3.0,4.0,1.0,1.0,1.0,0.0,16.0,15.0,15.0
365,MS,F,17.0,Rural,1.0,Living together,1.0,2.0,other,services,course,father,1.0,1.0,0.0,no,no,no,no,no,yes,no,no,3.0,2.0,2.0,1.0,2.0,3.0,0.0,12.0,11.0,12.0
366,MS,M,18.0,Rural,1.0,Living together,1.0,3.0,at_home,other,course,mother,1.0,1.0,0.0,no,yes,yes,no,yes,yes,no,no,3.0,3.0,4.0,2.0,4.0,3.0,4.0,10.0,10.0,10.0
367,MS,M,18.0,Urban,0.0,Living together,4.0,4.0,teacher,services,other,mother,1.0,2.0,0.0,no,no,yes,no,yes,yes,yes,yes,4.0,2.0,2.0,2.0,2.0,5.0,0.0,13.0,13.0,13.0
368,MS,F,17.0,Rural,1.0,Living together,1.0,1.0,other,services,reputation,mother,2.0,0.0,1.0,no,yes,yes,no,yes,yes,yes,yes,5.0,2.0,1.0,1.0,2.0,1.0,0.0,7.0,6.0,0.0
369,MS,F,18.0,Urban,1.0,Living together,2.0,3.0,at_home,services,course,father,1.0,0.0,0.0,no,yes,yes,no,yes,yes,yes,yes,5.0,2.0,3.0,1.0,2.0,4.0,0.0,11.0,10.0,10.0
370,MS,F,18.0,Rural,1.0,Living together,4.0,4.0,other,teacher,other,father,2.0,1.0,0.0,no,yes,yes,no,no,yes,yes,yes,3.0,2.0,2.0,4.0,2.0,5.0,10.0,14.0,12.0,11.0
371,MS,F,19.0,Urban,0.0,Living together,3.0,2.0,services,services,home,other,1.0,1.0,2.0,no,no,no,yes,yes,yes,no,yes,3.0,2.0,2.0,1.0,1.0,3.0,4.0,7.0,7.0,9.0
372,MS,M,18.0,Rural,0.0,Living together,1.0,2.0,at_home,services,other,father,2.0,0.0,0.0,no,yes,yes,yes,yes,no,yes,yes,4.0,3.0,3.0,2.0,3.0,3.0,3.0,14.0,12.0,12.0
373,MS,F,17.0,Urban,1.0,Living together,2.0,2.0,other,at_home,home,mother,0.0,2.0,0.0,no,no,no,yes,yes,yes,no,yes,3.0,4.0,3.0,1.0,1.0,3.0,8.0,13.0,11.0,11.0
374,MS,F,17.0,Rural,1.0,Living together,1.0,2.0,other,other,course,mother,0.0,0.0,0.0,no,no,no,yes,yes,yes,yes,no,3.0,5.0,5.0,1.0,3.0,1.0,14.0,6.0,5.0,5.0
375,MS,F,18.0,Rural,0.0,Living together,4.0,4.0,other,other,reputation,mother,1.0,2.0,0.0,no,no,no,no,yes,yes,yes,no,5.0,4.0,4.0,1.0,1.0,1.0,0.0,19.0,18.0,19.0
376,MS,F,18.0,Rural,1.0,Living together,1.0,1.0,other,other,home,mother,3.0,2.0,0.0,no,no,no,no,yes,yes,yes,no,4.0,3.0,2.0,1.0,2.0,4.0,2.0,8.0,8.0,10.0
377,MS,F,20.0,Urban,1.0,Living together,4.0,2.0,health,other,course,other,1.0,2.0,2.0,no,yes,yes,no,no,yes,yes,yes,5.0,4.0,3.0,1.0,1.0,3.0,4.0,15.0,14.0,15.0
378,MS,F,18.0,Rural,0.0,Living together,4.0,4.0,teacher,services,course,mother,0.0,1.0,0.0,no,no,yes,yes,yes,yes,yes,no,5.0,4.0,3.0,3.0,4.0,2.0,4.0,8.0,9.0,10.0
379,MS,F,18.0,Urban,1.0,Living together,3.0,3.0,other,other,home,mother,0.0,1.0,0.0,no,no,yes,no,yes,yes,yes,yes,4.0,1.0,3.0,1.0,2.0,1.0,0.0,15.0,15.0,15.0
380,MS,F,17.0,Rural,1.0,Living together,3.0,1.0,at_home,other,reputation,mother,0.0,1.0,0.0,no,yes,yes,yes,no,yes,yes,no,4.0,5.0,4.0,2.0,3.0,1.0,17.0,10.0,10.0,10.0
381,MS,M,18.0,Urban,1.0,Living together,4.0,4.0,teacher,teacher,home,father,0.0,1.0,0.0,no,no,yes,yes,no,yes,yes,no,3.0,2.0,4.0,1.0,4.0,2.0,4.0,15.0,14.0,14.0
382,MS,M,18.0,Rural,1.0,Living together,2.0,1.0,other,other,other,mother,1.0,0.0,0.0,no,no,no,yes,no,yes,yes,yes,4.0,4.0,3.0,1.0,3.0,5.0,5.0,7.0,6.0,7.0
383,MS,M,17.0,Urban,1.0,Living together,2.0,3.0,other,services,home,father,1.0,1.0,0.0,no,no,no,yes,yes,yes,yes,no,4.0,4.0,3.0,1.0,1.0,3.0,2.0,11.0,11.0,10.0
384,MS,M,19.0,Rural,1.0,Living together,1.0,1.0,other,services,other,mother,1.0,0.0,1.0,no,no,no,no,yes,yes,no,no,4.0,3.0,2.0,1.0,3.0,5.0,0.0,6.0,5.0,0.0
385,MS,M,18.0,Rural,1.0,Living together,4.0,2.0,other,other,home,father,1.0,0.0,1.0,no,no,yes,no,yes,yes,no,no,5.0,4.0,3.0,4.0,3.0,3.0,14.0,6.0,5.0,5.0
386,MS,F,18.0,Rural,1.0,Living together,2.0,2.0,at_home,other,other,mother,1.0,2.0,0.0,no,no,yes,no,yes,yes,no,no,5.0,3.0,3.0,1.0,3.0,4.0,2.0,10.0,9.0,10.0
387,MS,F,18.0,Rural,1.0,Living together,4.0,4.0,teacher,at_home,reputation,mother,2.0,0.0,0.0,no,yes,yes,yes,yes,yes,yes,yes,4.0,4.0,3.0,2.0,2.0,5.0,7.0,6.0,5.0,6.0
388,MS,F,19.0,Rural,1.0,Living together,2.0,3.0,services,other,course,mother,0.0,2.0,1.0,no,no,no,yes,no,yes,yes,no,5.0,4.0,2.0,1.0,2.0,5.0,0.0,7.0,5.0,0.0
389,MS,F,18.0,Urban,0.0,Living together,3.0,1.0,teacher,services,course,mother,0.0,1.0,0.0,no,yes,yes,no,yes,yes,yes,no,4.0,3.0,4.0,1.0,1.0,1.0,0.0,7.0,9.0,8.0
390,MS,F,18.0,Urban,1.0,Living together,1.0,1.0,other,other,course,mother,1.0,1.0,1.0,no,no,no,yes,yes,yes,no,no,1.0,1.0,1.0,1.0,1.0,5.0,0.0,6.0,5.0,0.0
391,MS,M,20.0,Urban,0.0,Apart,2.0,2.0,services,services,course,other,0.0,1.0,2.0,no,yes,yes,no,yes,yes,no,no,5.0,5.0,4.0,4.0,5.0,4.0,11.0,9.0,9.0,9.0
392,MS,M,17.0,Urban,0.0,Living together,3.0,1.0,services,services,course,mother,1.0,0.0,0.0,no,no,no,no,no,yes,yes,no,2.0,4.0,5.0,3.0,4.0,2.0,3.0,14.0,16.0,16.0
393,MS,M,21.0,Rural,1.0,Living together,1.0,1.0,other,other,course,other,0.0,0.0,3.0,no,no,no,no,no,yes,no,no,5.0,5.0,3.0,3.0,3.0,3.0,3.0,10.0,8.0,7.0
394,MS,M,18.0,Rural,0.0,Living together,3.0,2.0,services,other,course,mother,2.0,0.0,0.0,no,no,no,no,no,yes,yes,no,4.0,4.0,1.0,3.0,4.0,5.0,0.0,11.0,12.0,10.0
395,MS,M,19.0,Urban,0.0,Living together,1.0,1.0,other,at_home,course,father,0.0,0.0,0.0,no,no,no,no,yes,yes,yes,no,3.0,2.0,3.0,3.0,3.0,5.0,5.0,8.0,9.0,9.0
